city;brand;model;type;cc;color;km;year;price;url
Barcelona;HYOSUNG;GV 650 AQUILA;Custom;649;negro;35000;2006;1990;http://motos.net/ocasion/hyosung/gv_650_aquila/2006-en-barcelona-6466301.htm
Barcelona;HONDA;SCOOPY 100;Scooter 125cc;101;VERDE;18000;2000;1199;http://motos.net/ocasion/honda/scoopy_100/2000-en-barcelona-6457018.htm
Barcelona;HONDA;PCX 125;Scooter 125cc;125;BLANCO PERLADO;21000;2016;2290;http://motos.net/ocasion/honda/pcx_125/2016-en-barcelona-6457027.htm
Barcelona;DAELIM;Roadwin 125 FI;Naked;124;NEGRO;1;2011;1490;http://motos.net/ocasion/daelim/roadwin_125_fi/2011-en-barcelona-6456990.htm
Barcelona;PIAGGIO;LIBERTY 50 2T;Scooters 50cc;49;AZUL;21000;2007;850;http://motos.net/ocasion/piaggio/liberty_50_2t/2007-en-barcelona-6466295.htm
Pontevedra;SHERCO;SE 4.5i F;Enduro;449;azul;13458;2007;2350;http://motos.net/ocasion/sherco/se_45i_f/2007-en-pontevedra-6466171.htm
Madrid;SUZUKI;BURGMAN 400;Scooters +125cc;400;Negro;23000;2011;3400;http://motos.net/ocasion/suzuki/burgman_400/2011-en-madrid-6466225.htm
Valencia;MASH;Seventy Five;Naked;124;Negra;2100;2014;1850;http://motos.net/ocasion/mash/seventy_five/2014-en-valencia-6466190.htm
Granada;BMW;G 650 GS;Trail;652;blanca y roja;31804;2013;5500;http://motos.net/ocasion/bmw/g_650_gs/2013-en-granada-6466188.htm
Madrid;RIEJU;TANGO 125 Pro;Enduro;125;negro;3700;2009;1600;http://motos.net/ocasion/rieju/tango_125_pro/2009-en-madrid-6466178.htm
Vizcaya;YAMAHA;YZF R 125;Sport;124;GRIS;29000;2013;2650;http://motos.net/ocasion/yamaha/yzf_r_125/2013-en-vizcaya-6344962.htm
Vizcaya;YAMAHA;X enter 125;Scooter 125cc;125;blanco;5000;2015;2100;http://motos.net/ocasion/yamaha/x_enter_125/2015-en-vizcaya-6429088.htm
Vizcaya;YAMAHA;FZ6 S S2 ABS;Turismo;600;negro;40000;2007;3550;http://motos.net/ocasion/yamaha/fz6_s_s2_abs/2007-en-vizcaya-6310328.htm
Vizcaya;TRIUMPH;STREET TRIPLE;Naked;675;blanco;47000;2007;3795;http://motos.net/ocasion/triumph/street_triple/2007-en-vizcaya-6414522.htm
Badajoz;BENELLI;BN 302;Naked;300;Blanco;;2016;3690;http://motos.net/ocasion/benelli/bn_302/2016-en-badajoz-6450308.htm
Vizcaya;SYM;Maxsym 600i;Scooters +125cc;565;GRIS;16000;2014;4800;http://motos.net/ocasion/sym/maxsym_600i/abs-2014-en-vizcaya-6364329.htm
Vizcaya;SYM;JOYMAX 300i;Scooters +125cc;278;;5000;2015;3100;http://motos.net/ocasion/sym/joymax_300i/2015-en-vizcaya-6228002.htm
Vizcaya;SUZUKI;GSR 750;Naked;749;rojo;45000;2011;4650;http://motos.net/ocasion/suzuki/gsr_750/2011-en-vizcaya-6397769.htm
Vizcaya;SUZUKI;BURGMAN 250;Scooters +125cc;250;gris;59000;2004;1050;http://motos.net/ocasion/suzuki/burgman_250/2004-en-vizcaya-6067594.htm
Madrid;SUZUKI;GSX R750;Sport;749;;39427;2006;5299;http://motos.net/ocasion/suzuki/gsx_r750/2006-en-madrid-6466267.htm
Vizcaya;SUZUKI;BURGMAN 200;Scooters +125cc;200;gris;8600;2007;2100;http://motos.net/ocasion/suzuki/burgman_200/2007-en-vizcaya-6407461.htm
Toledo;TRIUMPH;TROPHY 1200;Turismo;1215;GRIS;9000;2016;12500;http://motos.net/ocasion/triumph/trophy_1200/2016-en-toledo-6466263.htm
Madrid;HONDA;CBR 600 RR;Sport;599;;12640;2004;4199;http://motos.net/ocasion/honda/cbr_600_rr/2004-en-madrid-6466261.htm
Vizcaya;KAWASAKI;ZX 6R 636;Sport;636;negro;41000;2006;3450;http://motos.net/ocasion/kawasaki/zx_6r_636/2006-en-vizcaya-6310331.htm
Madrid;HONDA;CBR 600F;Sport;599;;56432;2000;2399;http://motos.net/ocasion/honda/cbr_600f/2000-en-madrid-6466257.htm
Vizcaya;HONDA;VF 500 F;Sport;497;;20000;1986;1700;http://motos.net/ocasion/honda/vf_500_f/1986-en-vizcaya-6256608.htm
Vizcaya;HARLEY DAVIDSON;Street Glide;Custom;1690;negro;16600;2016;24900;http://motos.net/ocasion/harley_davidson/street_glide/special-2016-en-vizcaya-6443681.htm
Toledo;YAMAHA;XVS 1300 A Midnight Star;Custom;1304;GRIS;13000;2009;6500;http://motos.net/ocasion/yamaha/xvs_1300_a_midnight_star/2009-en-toledo-6466249.htm
Madrid;BMW;R 1200 GS Adventure;Trail;1170;ROJO RACING;3966;2016;20500;http://motos.net/ocasion/bmw/r_1200_gs_adventure/2016-en-madrid-6466005.htm
Valencia;PIAGGIO;X EVO 125;Scooter 125cc;124;gris;24781;2014;1900;http://motos.net/ocasion/piaggio/x_evo_125/2014-en-valencia-6466233.htm
Barcelona;KYMCO;Xciting 400i;Scooters +125cc;399;Negro;22000;2014;3700;http://motos.net/ocasion/kymco/xciting_400i/2014-en-barcelona-6466172.htm
Malaga;KAWASAKI;ER 6N;Naked;649;BLANCO Y NEGRO;5168;2016;5000;http://motos.net/ocasion/kawasaki/er_6n/2016-en-malaga-6466247.htm
Barcelona;BMW;G 650 GS;Trail;652;negro;2500;2015;6300;http://motos.net/ocasion/bmw/g_650_gs/2015-en-barcelona-6466130.htm
Valladolid;YAMAHA;SR 250 Special;Custom;249;granate;27000;2002;799;http://motos.net/ocasion/yamaha/sr_250_special/2002-en-valladolid-6466241.htm
Valladolid;GILERA;Runner PURE JET;Scooters 50cc;49;gris;14600;2003;950;http://motos.net/ocasion/gilera/runner_pure_jet/2003-en-valladolid-6466240.htm
Tarragona;YAMAHA;RD 80;Sport;80;azul;15000;1986;350;http://motos.net/ocasion/yamaha/rd_80/1986-en-tarragona-6466235.htm
Madrid;KEEWAY;RKV 125;Naked;124;Blanco;2400;2014;1450;http://motos.net/ocasion/keeway/rkv_125/2014-en-madrid-6466231.htm
Madrid;KAWASAKI;Z 750;Naked;748;;48500;2010;4000;http://motos.net/ocasion/kawasaki/z_750/2010-en-madrid-6466224.htm
Alicante;VESPA;P 200 E;Scooter 125cc;150;rojo;60000;1982;1000;http://motos.net/ocasion/vespa/p_200_e/1982-en-alicante-6466223.htm
Murcia;HONDA;CB 500 X;Trail;471;Negro mate;1400;2017;5500;http://motos.net/ocasion/honda/cb_500_x/2017-en-murcia-6466202.htm
Lugo;RIEJU;RS2 125;Sport;125;blanco y negro;12000;2008;1200;http://motos.net/ocasion/rieju/rs2_125/2008-en-lugo-6466200.htm
Vizcaya;HONDA;Shadow 750 RS;Custom;745;blanco y verde;37000;1998;3500;http://motos.net/ocasion/honda/shadow_750_rs/1998-en-vizcaya-6466198.htm
Ciudad Real;HUSQVARNA;701 Supermoto;Supermotard;690;Blanca y Azul;7700;2016;7500;http://motos.net/ocasion/husqvarna/701_supermoto/2016-en-ciudad_real-6466186.htm
Barcelona;SUZUKI;TU 250 X;Turismo;249;;1700;1997;2500;http://motos.net/ocasion/suzuki/tu_250_x/1997-en-barcelona-6466180.htm
Sevilla;SUZUKI;V-Strom 650;Trail;645;;31250;2004;3100;http://motos.net/ocasion/suzuki/v__strom_650/2004-en-sevilla-6466177.htm
Girona;KAWASAKI;VERSYS 650;Trail;649;Negra;12000;2013;4500;http://motos.net/ocasion/kawasaki/versys_650/2013-en-girona-6466166.htm
Madrid;SUZUKI;Intruder C800;Custom;805;;20000;2011;5999;http://motos.net/ocasion/suzuki/intruder_c800/2011-en-madrid-6456961.htm
Alicante;SUZUKI;Marauder 250;Custom;249;Verde;26000;1999;1000;http://motos.net/ocasion/suzuki/marauder_250/1999-en-alicante-6466147.htm
Madrid;YAMAHA;TMAX;Scooters +125cc;530;;3000;2015;9799;http://motos.net/ocasion/yamaha/tmax/2015-en-madrid-6458414.htm
Madrid;YAMAHA;MT-125;Naked;124;;;2017;4649;http://motos.net/ocasion/yamaha/mt__125/2017-en-madrid-6362642.htm
Madrid;SUZUKI;Intruder M800;Custom;800;;;2017;7999;http://motos.net/ocasion/suzuki/intruder_m800/2017-en-madrid-6371896.htm
Madrid;APRILIA;SRV 850 ABS/ATC;Scooters +125cc;849;OPORTUNIDAD...!!!;12000;2015;8250;http://motos.net/ocasion/aprilia/srv_850_abs/atc/2015-en-madrid-6451131.htm
Murcia;YAMAHA;X MAX 125;Scooter 125cc;125;GRIS MATE;5630;2015;3300;http://motos.net/ocasion/yamaha/x_max_125/2015-en-murcia-6466232.htm
Valencia;HONDA;SH 300i ABS;Scooters +125cc;279;blanco;8800;2015;4400;http://motos.net/ocasion/honda/sh_300i_abs/top_box-2015-en-valencia-6452775.htm
Valencia;HONDA;SILVER WING 400;Scooters +125cc;398;PLATA;22739;2007;3295;http://motos.net/ocasion/honda/silver_wing_400/2007-en-valencia-6447325.htm
Valencia;HONDA;PCX 125;Scooter 125cc;125;blanco;1651;2015;2295;http://motos.net/ocasion/honda/pcx_125/2015-en-valencia-6441639.htm
Valencia;HONDA;CRF1000L Africa Twin;Trail;998;NEGRA;24000;2016;10999;http://motos.net/ocasion/honda/crf1000l_africa_twin/abs-2016-en-valencia-6458636.htm
Barcelona;BMW;R 1200 GS Adventure;Trail;1170;AZUL OCEANO;22533;2015;19500;http://motos.net/ocasion/bmw/r_1200_gs_adventure/2015-en-barcelona-6447638.htm
Barcelona;BMW;C 650;Scooters +125cc;647;NEGRO TORMENTO;80;2017;11000;http://motos.net/ocasion/bmw/c_650/sport-2017-en-barcelona-6441617.htm
Barcelona;BMW;F 800 R;Naked;800;BLANCO ALPINO/NEGRO BRILLANTE;36905;2011;5900;http://motos.net/ocasion/bmw/f_800_r/2011-en-barcelona-6441634.htm
Barcelona;BMW;F 800 GT;Turismo;798;BLANCA;10000;2016;9500;http://motos.net/ocasion/bmw/f_800_gt/2016-en-barcelona-6401847.htm
Barcelona;BMW;C 650 Sport;Scooters +125cc;647;NARANJA;3907;2016;9500;http://motos.net/ocasion/bmw/c_650_sport/2016-en-barcelona-6401829.htm
Barcelona;BMW;C 600 Sport;Scooters +125cc;647;AZUL;34625;2013;6600;http://motos.net/ocasion/bmw/c_600_sport/2013-en-barcelona-6394969.htm
Barcelona;BMW;C 600 Sport;Scooters +125cc;647;NEGRO;24483;2013;7000;http://motos.net/ocasion/bmw/c_600_sport/2013-en-barcelona-6394963.htm
Barcelona;BMW;R 1200 GS;Trail;1170;GRIS;114505;2006;7000;http://motos.net/ocasion/bmw/r_1200_gs/2006-en-barcelona-6366877.htm
Barcelona;HONDA;CB 1000R;Naked;998;DORADO;11057;2014;8500;http://motos.net/ocasion/honda/cb_1000r/2014-en-barcelona-6306531.htm
Barcelona;TRIUMPH;ROCKET III Roadster ABS;Custom;2294;NEGRO;49456;2012;11900;http://motos.net/ocasion/triumph/rocket_iii_roadster_abs/2012-en-barcelona-6463348.htm
Barcelona;BMW;K 1300 S;Sport;1293;N38 M - Gris claro metalizado;41790;2011;10900;http://motos.net/ocasion/bmw/k_1300_s/2011-en-barcelona-6463316.htm
Barcelona;BMW;C 600 Sport;Scooters +125cc;647;N0B U - BLANCO ALPINO/AZUL LUP;41086;2014;6000;http://motos.net/ocasion/bmw/c_600_sport/edicion_especial-2014-en-barcelona-6463205.htm
Barcelona;DUCATI;MONSTER 696;Naked;696;roja;15308;2011;6000;http://motos.net/ocasion/ducati/monster_696/2011-en-barcelona-6456743.htm
Barcelona;BMW;R 1200 RT;Turismo;1170;AZUL OCEANO;41925;2014;16975;http://motos.net/ocasion/bmw/r_1200_rt/2014-en-barcelona-6455634.htm
Valencia;HONDA;CB 500F ABS;Naked;471;TRICOLOR;1;2016;5900;http://motos.net/ocasion/honda/cb_500f_abs/2016-en-valencia-6250643.htm
Valencia;DAELIM;Roadwin 125R Fi;Sport;125;BLANCO;2900;2008;1390;http://motos.net/ocasion/daelim/roadwin_125r_fi/2008-en-valencia-6451932.htm
Valencia;SYM;JOYMAX 300i ABS;Scooters +125cc;278;TODOS;1;2016;4399;http://motos.net/ocasion/sym/joymax_300i_abs/ss_sport-2016-en-valencia-6271781.htm
Barcelona;BMW;R 1200 GS;Trail;1170;NEGRO;59000;2004;7500;http://motos.net/ocasion/bmw/r_1200_gs/2004-en-barcelona-6466218.htm
Valencia;PIAGGIO;beverly 250;Scooters +125cc;244;roja;25000;2003;1200;http://motos.net/ocasion/piaggio/beverly_250/2003-en-valencia-6439438.htm
Madrid;KAWASAKI;VN 900 CLASSIC;Custom;903;NEGRO;20960;2010;5390;http://motos.net/ocasion/kawasaki/vn_900_classic/2010-en-madrid-6466214.htm
Madrid;BMW;R 1200 R;Naked;1170;NEGRO;120560;2011;5990;http://motos.net/ocasion/bmw/r_1200_r/2011-en-madrid-6411050.htm
Valencia;KYMCO;Venox 250i;Custom;249;negro;23000;2007;1400;http://motos.net/ocasion/kymco/venox_250i/2007-en-valencia-6446775.htm
Valencia;KYMCO;Super Dink 300i;Scooters +125cc;300;TODOS LOS DE LA GAMA;;2016;4299;http://motos.net/ocasion/kymco/super_dink_300i/2016-en-valencia-6130087.htm
Madrid;TRIUMPH;DAYTONA 955 i;Sport;955;NEGRO;45893;2004;2990;http://motos.net/ocasion/triumph/daytona_955_i/2004-en-madrid-6404309.htm
Malaga;YAMAHA;XT 660 R;Trail;660;NEGRO;5311;2007;3900;http://motos.net/ocasion/yamaha/xt_660_r/2007-en-malaga-6466213.htm
Valencia;KYMCO;Grand Dink 125;Scooter 125cc;125;TODOS;;2016;3699;http://motos.net/ocasion/kymco/grand_dink_125/2016-en-valencia-6271730.htm
Madrid;SUZUKI;BURGMAN 650;Scooters +125cc;650;GRIS;77000;2005;2990;http://motos.net/ocasion/suzuki/burgman_650/2005-en-madrid-6392537.htm
Madrid;YAMAHA;T-Max 500;Scooters +125cc;499;GRIS;53983;2008;5490;http://motos.net/ocasion/yamaha/t__max_500/2008-en-madrid-6382735.htm
Valencia;KAWASAKI;VERSYS 650;Trail;649;negro;38700;2006;3300;http://motos.net/ocasion/kawasaki/versys_650/2006-en-valencia-6440413.htm
Alicante;APRILIA;Scarabeo 500 Light;Scooters +125cc;460;Gris;27500;2006;2500;http://motos.net/ocasion/aprilia/scarabeo_500_light/2006-en-alicante-6449183.htm
Vizcaya;HONDA;VT 750 C SHADOW;Custom;745;negro;23000;2000;3300;http://motos.net/ocasion/honda/vt_750_c_shadow/2000-en-vizcaya-6377467.htm
Valencia;DAELIM;S2 125 FI;Scooter 125cc;125;blanco;13700;2012;1490;http://motos.net/ocasion/daelim/s2_125_fi/2012-en-valencia-6456528.htm
Navarra;SUZUKI;LS 650 Savage;Custom;650;NEGRA;14000;1993;1990;http://motos.net/ocasion/suzuki/ls_650_savage/1993-en-navarra-6466204.htm
Guipuzcoa;HARLEY DAVIDSON;Touring Road King Classic;Turismo;1584;Black Vivid;18000;2014;19800;http://motos.net/ocasion/harley_davidson/touring_road_king_classic/2014-en-guipuzcoa-6430119.htm
Guipuzcoa;KAWASAKI;Z 750;Naked;748;VERDE;38000;2007;4000;http://motos.net/ocasion/kawasaki/z_750/2007-en-guipuzcoa-6460155.htm
Barcelona;DUCATI;MONSTER 1100 Evo;Naked;1098;;12623;2012;8495;http://motos.net/ocasion/ducati/monster_1100_evo/2012-en-barcelona-6466201.htm
Guipuzcoa;KAWASAKI;ER 6F ABS;Turismo;649;BLANCO;37800;2011;4800;http://motos.net/ocasion/kawasaki/er_6f_abs/2011-en-guipuzcoa-6402715.htm
Girona;HARLEY DAVIDSON;Softail Heritage Softail Classic;Custom;1584;Negro;50000;2006;14000;http://motos.net/ocasion/harley_davidson/softail_heritage_softail_classic/2006-en-girona-6393425.htm
Barcelona;BMW;G 650 GS;Trail;652;N61 U - Blanco Aura/Asto negro;25527;2013;5975;http://motos.net/ocasion/bmw/g_650_gs/2013-en-barcelona-6466197.htm
Zaragoza;YAMAHA;YZF R 125;Sport;124;NEGRA;15000;2008;2599;http://motos.net/ocasion/yamaha/yzf_r_125/2008-en-zaragoza-6466182.htm
Valencia;KYMCO;Super Dink 350i;Scooters +125cc;349;GRIS;4000;2014;3500;http://motos.net/ocasion/kymco/super_dink_350i/2014-en-valencia-6462831.htm
Barcelona;HONDA;SCOOPY SH125;Scooter 125cc;125;Negro;31700;2003;1695;http://motos.net/ocasion/honda/scoopy_sh125/2003-en-barcelona-6445368.htm
Barcelona;HONDA;SCOOPY SH125;Scooter 125cc;125;NEGRO;36600;2006;1795;http://motos.net/ocasion/honda/scoopy_sh125/2006-en-barcelona-6424075.htm
Barcelona;HONDA;PANTHEON 125;Scooter 125cc;125;NEGRO;46513;2006;1495;http://motos.net/ocasion/honda/pantheon_125/2006-en-barcelona-6423997.htm
Barcelona;HONDA;PAN-EUROPEAN ST 1300 ABS;Turismo;1261;GRIS PLATA;78000;2003;7800;http://motos.net/ocasion/honda/pan__european_st_1300_abs/2003-en-barcelona-6404271.htm
Barcelona;HONDA;NSS 300 Forza ABS;Scooters +125cc;279;BLANCA;31000;2013;3800;http://motos.net/ocasion/honda/nss_300_forza_abs/2013-en-barcelona-6347878.htm
Barcelona;HONDA;Lead 100;Scooter 125cc;100;plata;37000;2005;990;http://motos.net/ocasion/honda/lead_100/2005-en-barcelona-6358391.htm
Barcelona;HONDA;FORZA 250 EX;Scooters +125cc;250;LILA OSCURO;52121;2005;1895;http://motos.net/ocasion/honda/forza_250_ex/2005-en-barcelona-6418866.htm
Madrid;BMW;R 1200 GS;Trail;1170;gris / negra;34000;2011;12000;http://motos.net/ocasion/bmw/r_1200_gs/2011-en-madrid-6466120.htm
Teruel;HUSABERG;FE 450;Enduro;449;amarilla y azul;18000;2008;2900;http://motos.net/ocasion/husaberg/fe_450/2008-en-teruel-6466111.htm
Barcelona;HONDA;CBF 600N;Naked;599;PLATA;89000;2004;2590;http://motos.net/ocasion/honda/cbf_600n/2004-en-barcelona-6360125.htm
Valencia;HONDA;VT 750 S;Custom;745;gris;9986;2010;4800;http://motos.net/ocasion/honda/vt_750_s/2010-en-valencia-6384017.htm
Barcelona;HONDA;CBF 600N;Naked;599;Plata;17524;2005;3795;http://motos.net/ocasion/honda/cbf_600n/2005-en-barcelona-6447529.htm
Barcelona;HONDA;CBF 250;Naked;249;plata;50000;2005;1500;http://motos.net/ocasion/honda/cbf_250/2005-en-barcelona-6331423.htm
Barcelona;HONDA;CBF 500;Naked;499;Azul Metalizado;45000;2005;2800;http://motos.net/ocasion/honda/cbf_500/2005-en-barcelona-6449550.htm
Malaga;BMW;R 1200 S;Sport;1170;negro y gris;24700;2008;7900;http://motos.net/ocasion/bmw/r_1200_s/2008-en-malaga-6466154.htm
Barcelona;BMW;F 800 GS;Trail;798;BLANCO;5700;2014;9495;http://motos.net/ocasion/bmw/f_800_gs/2014-en-barcelona-6402844.htm
Tarragona;YAMAHA;MT 03;Naked;660;Negro;18853;2007;3300;http://motos.net/ocasion/yamaha/mt_03/2007-en-tarragona-6466164.htm
Barcelona;BMW;F 650 GS;Trail;798;Negro;30000;2006;3800;http://motos.net/ocasion/bmw/f_650_gs/2006-en-barcelona-6431436.htm
Barcelona;BMW;F 650 CS Scarver;Turismo;652;Metalizado;44500;2005;2995;http://motos.net/ocasion/bmw/f_650_cs_scarver/2005-en-barcelona-6436362.htm
Toledo;YAMAHA;YZF 1000 R Thunderace;Sport;1002;;46000;1997;2800;http://motos.net/ocasion/yamaha/yzf_1000_r_thunderace/1997-en-toledo-6382342.htm
Barcelona;BMW;F 650 GS;Trail;798;Negro;30000;2006;3800;http://motos.net/ocasion/bmw/f_650_gs/2006-en-barcelona-6431436.htm
Barcelona;BMW;F 650 CS Scarver;Turismo;652;Metalizado;44500;2005;2995;http://motos.net/ocasion/bmw/f_650_cs_scarver/2005-en-barcelona-6436362.htm
Toledo;YAMAHA;YZF 1000 R Thunderace;Sport;1002;;46000;1997;2800;http://motos.net/ocasion/yamaha/yzf_1000_r_thunderace/1997-en-toledo-6382342.htm
Barcelona;BMW;F 650 CS Scarver;Turismo;652;Azul;22074;2002;3395;http://motos.net/ocasion/bmw/f_650_cs_scarver/2002-en-barcelona-6452234.htm
Barcelona;YAMAHA;T-Max 500;Scooters +125cc;499;blanco;50000;2006;2500;http://motos.net/ocasion/yamaha/t__max_500/2006-en-barcelona-6466153.htm
Murcia;HONDA;CB 250 TWO FIFTY;Turismo;234;NEGRO;32700;2001;1050;http://motos.net/ocasion/honda/cb_250_two_fifty/2001-en-murcia-6466137.htm
Madrid;KTM;690 DUKE;Naked;690;NEGRO;21000;2013;4500;http://motos.net/ocasion/ktm/690_duke/2013-en-madrid-6466134.htm
Barcelona;HONDA;CBR 125R;Sport;125;negra;38666;2012;2200;http://motos.net/ocasion/honda/cbr_125r/2012-en-barcelona-6466136.htm
Sevilla;KEEWAY;Zahara 125;Scooter 125cc;124;CREMA;4000;2015;1400;http://motos.net/ocasion/keeway/zahara_125/2015-en-sevilla-6466160.htm
Huelva;BMW;R 1100 S;Sport;1085;Amarillo;76870;2002;3199;http://motos.net/ocasion/bmw/r_1100_s/2002-en-huelva-6466132.htm
Madrid;HONDA;Vision 50;Ciclomotor;50;BLANCA METALIZADA;12560;2012;850;http://motos.net/ocasion/honda/vision_50/2012-en-madrid-6466128.htm
Teruel;YAMAHA;YZF R6;Sport;600;Amarillo y blanco;31000;2009;3900;http://motos.net/ocasion/yamaha/yzf_r6/2009-en-teruel-6466127.htm
Madrid;HONDA;CB 750 Seven Fifty;Sport;750;Negro;1500;1992;9000;http://motos.net/ocasion/honda/cb_750_seven_fifty/1992-en-madrid-6466126.htm
Madrid;YAMAHA;FZ6 N;Naked;600;Azul;32000;2006;2900;http://motos.net/ocasion/yamaha/fz6_n/2006-en-madrid-6466119.htm
Alicante;DUCATI;916 BIPOSTO;Sport;916;AMARILLA;27996;1998;9500;http://motos.net/ocasion/ducati/916_biposto/1998-en-alicante-6462917.htm
Toledo;KAWASAKI;VN 900 CLASSIC;Custom;903;Negro;83767;2007;3750;http://motos.net/ocasion/kawasaki/vn_900_classic/2007-en-toledo-6466112.htm
Alicante;DUCATI;749 749;Sport;748;ROJA;16680;2005;6250;http://motos.net/ocasion/ducati/749_749/2005-en-alicante-6456086.htm
Albacete;DUCATI;MULTISTRADA 1200 S Touring;Trail;1198;gris negro;66000;2011;9500;http://motos.net/ocasion/ducati/multistrada_1200_s_touring/2011-en-albacete-6466074.htm
Madrid;BMW;R 1200 GS 105cv;Trail;1170;AZUL;101922;2009;8900;http://motos.net/ocasion/bmw/r_1200_gs_105cv/2009-en-madrid-6466156.htm
Madrid;QUADRO;3;Scooters +125cc;346;Blanco;;2016;7249;http://motos.net/ocasion/quadro/3/2016-en-madrid-6392157.htm
Caceres;BENELLI;TRK 502;Trail;502;ROJO, BLANCO, NEGRO;5999;2017;5999;http://motos.net/ocasion/benelli/trk_502/2017-en-caceres-6466149.htm
Zaragoza;HONDA;CB 500F ABS;Naked;471;BLANCA Y ROJA;13500;2015;4500;http://motos.net/ocasion/honda/cb_500f_abs/2015-en-zaragoza-6466148.htm
Barcelona;YAMAHA;FZ 750;Sport;750;BLANCA/ROJA;51000;1987;2800;http://motos.net/ocasion/yamaha/fz_750/1987-en-barcelona-6466145.htm
Madrid;TRIUMPH;TIGER 800 XC;Trail;799;NEGRO;8390;2016;9600;http://motos.net/ocasion/triumph/tiger_800_xc/x-2016-en-madrid-6466146.htm
Barcelona;HONDA;NT 700 DEAUVILLE ABS;Turismo;680;;72000;2007;4200;http://motos.net/ocasion/honda/nt_700_deauville_abs/2007-en-barcelona-6350413.htm
Barcelona;SUZUKI;B-KING 1340;Naked;1340;Gris;;2013;11500;http://motos.net/ocasion/suzuki/b__king_1340/2013-en-barcelona-6466142.htm
Barcelona;HONDA;DYLAN 150;Scooters +125cc;150;;44000;2003;1300;http://motos.net/ocasion/honda/dylan_150/2003-en-barcelona-6358533.htm
Barcelona;YAMAHA;Cygnus 125 X;Scooter 125cc;124;plata;37000;2005;1300;http://motos.net/ocasion/yamaha/cygnus_125_x/2005-en-barcelona-6449667.htm
Barcelona;BMW;R 850 R;Naked;848;;95000;2006;4500;http://motos.net/ocasion/bmw/r_850_r/2006-en-barcelona-6362740.htm
Madrid;BMW;F 800 R;Naked;800;GRIS;29000;2011;5490;http://motos.net/ocasion/bmw/f_800_r/2011-en-madrid-6466139.htm
Madrid;KYMCO;Super Dink 300i;Scooters +125cc;300;BLANCO;36794;2014;2999;http://motos.net/ocasion/kymco/super_dink_300i/2014-en-madrid-6437860.htm
Barcelona;HONDA;Lead 110;Scooter 125cc;108;BLANCO;33000;2008;1200;http://motos.net/ocasion/honda/lead_110/2008-en-barcelona-6424895.htm
Barcelona;HONDA;FORZA 250 X;Scooters +125cc;250;NEGRO;58000;2008;2250;http://motos.net/ocasion/honda/forza_250_x/2008-en-barcelona-6424898.htm
Caceres;BENELLI;TRK 502;Trail;502;BLANCO, NEGRO, ROJO;1;2017;5999;http://motos.net/ocasion/benelli/trk_502/2017-en-caceres-6466133.htm
Barcelona;HONDA;VFR 800;Sport;781;;41000;1999;3500;http://motos.net/ocasion/honda/vfr_800/1999-en-barcelona-6290226.htm
Barcelona;KYMCO;Xciting 500 R ABS;Scooters +125cc;498;BLANCO;34000;2010;2900;http://motos.net/ocasion/kymco/xciting_500_r_abs/2010-en-barcelona-6415834.htm
Valencia;HARLEY DAVIDSON;Sportster 1200;Custom;1202;;5;2017;24000;http://motos.net/ocasion/harley_davidson/sportster_1200/roadster-2017-en-valencia-6455878.htm
Barcelona;YAMAHA;X-CITY 250;Scooters +125cc;250;;14000;2011;3100;http://motos.net/ocasion/yamaha/x__city_250/2011-en-barcelona-6272768.htm
Barcelona;SUZUKI;GSR 600;Naked;599;;49000;2006;2999;http://motos.net/ocasion/suzuki/gsr_600/2006-en-barcelona-6278652.htm
Barcelona;KTM;990 SUPERMOTO;Supermotard;999;;47000;2009;6500;http://motos.net/ocasion/ktm/990_supermoto/2009-en-barcelona-6323440.htm
Barcelona;YAMAHA;Neo's 50;Scooters 50cc;49;marron;22000;2014;999;http://motos.net/ocasion/yamaha/neos_50/2014-en-barcelona-6435641.htm
Barcelona;HONDA;SCOOPY SH125i;Scooter 125cc;125;NEGRO;49000;2010;1800;http://motos.net/ocasion/honda/scoopy_sh125i/2010-en-barcelona-6435646.htm
Barcelona;PIAGGIO;LIBERTY 150 4T;Scooters +125cc;150;VERDE;3000;2002;1300;http://motos.net/ocasion/piaggio/liberty_150_4t/2002-en-barcelona-6443998.htm
Madrid;KAWASAKI;Z 800e;Naked;800;BLANCO;10020;2016;7200;http://motos.net/ocasion/kawasaki/z_800e/2016-en-madrid-6452020.htm
Madrid;KYMCO;Super Dink 125i;Scooter 125cc;125;Todos;;2015;3499;http://motos.net/ocasion/kymco/super_dink_125i/2015-en-madrid-6455437.htm
Madrid;KYMCO;Super Dink 125i;Scooter 125cc;125;Todos;;2015;3499;http://motos.net/ocasion/kymco/super_dink_125i/2015-en-madrid-6455438.htm
Madrid;KYMCO;Super Dink 125i;Scooter 125cc;125;Todos;;2015;3499;http://motos.net/ocasion/kymco/super_dink_125i/2015-en-madrid-6455439.htm
Madrid;KYMCO;Super Dink 125i;Scooter 125cc;125;Todos;;2015;3499;http://motos.net/ocasion/kymco/super_dink_125i/2015-en-madrid-6455440.htm
Madrid;KYMCO;Super Dink 125i;Scooter 125cc;125;Todos;;2015;3499;http://motos.net/ocasion/kymco/super_dink_125i/2015-en-madrid-6455441.htm
Madrid;KTM;RC;Sport;125;NARANJA;;2017;4449;http://motos.net/ocasion/ktm/rc/125-2017-en-madrid-6428550.htm
Barcelona;SUZUKI;GSF Bandit 650 S;Turismo;656;Negro brillante;47378;2006;3499;http://motos.net/ocasion/suzuki/gsf_bandit_650_s/2006-en-barcelona-6466131.htm
Zaragoza;KTM;RC;Sport;125;negra y blanca;1900;2016;3500;http://motos.net/ocasion/ktm/rc/125-2016-en-zaragoza-6466114.htm
Granada;HONDA;CR 125 R;Cross;125;Roja/blanca;;2003;1900;http://motos.net/ocasion/honda/cr_125_r/2003-en-granada-6466067.htm
Barcelona;YAMAHA;T-Max 500 Sport ABS;Scooters +125cc;499;Negro;16500;2011;658;http://motos.net/ocasion/yamaha/t__max_500_sport_abs/2011-en-barcelona-6466087.htm
Barcelona;BMW;C 650 GT;Scooters +125cc;647;;22000;2014;7900;http://motos.net/ocasion/bmw/c_650_gt/2014-en-barcelona-6358458.htm
Madrid;KTM;125;Naked;125;NARANJA;;2017;4499;http://motos.net/ocasion/ktm/125/duke_abs-2017-en-madrid-6414628.htm
Barcelona;HARLEY DAVIDSON;Softail Heritage Softail;Custom;1449;;64000;1995;10000;http://motos.net/ocasion/harley_davidson/softail_heritage_softail/1995-en-barcelona-6466038.htm
Madrid;HONDA;NC 750;Trail;750;5 COLORES DIFERENTES;;2016;8299;http://motos.net/ocasion/honda/nc_750/x_dtc_abs-2016-en-madrid-6413892.htm
Madrid;HONDA;NC 750;Trail;750;5 COLORES DIFERENTES;;2016;7399;http://motos.net/ocasion/honda/nc_750/x_abs-2016-en-madrid-6374194.htm
Madrid;DERBI;MULHACEN 125;Con marchas;124;NEGRO;31082;2008;1190;http://motos.net/ocasion/derbi/mulhacen_125/2008-en-madrid-6466118.htm
Malaga;YAMAHA;XT 660 R;Trail;660;azul;46308;2005;3499;http://motos.net/ocasion/yamaha/xt_660_r/2005-en-malaga-6466115.htm
Madrid;HONDA;NC 750 S;Naked;745;3 COLORES DIFERENTES;;2016;6690;http://motos.net/ocasion/honda/nc_750_s/abs-2016-en-madrid-6413896.htm
Madrid;HONDA;NC 750 S;Naked;745;3 COLORES DIFERENTES;;2016;7290;http://motos.net/ocasion/honda/nc_750_s/dtc_abs-2016-en-madrid-6413893.htm
Huesca;SUZUKI;Katana AY50;Scooters 50cc;49;Azul;4000;2005;600;http://motos.net/ocasion/suzuki/katana_ay50/2005-en-huesca-6466027.htm
Sevilla;KEEWAY;Silverblade 125 EFI;Scooter 125cc;125;negro;12732;2013;1699;http://motos.net/ocasion/keeway/silverblade_125_efi/2013-en-sevilla-6466110.htm
Toledo;KEEWAY;Silverblade 250 EFI;Scooters +125cc;250;BLANCO;;2015;2499;http://motos.net/ocasion/keeway/silverblade_250_efi/2015-en-toledo-6415036.htm
Madrid;DAELIM;Roadwin 125R Fi;Sport;124;todos;;2014;2899;http://motos.net/ocasion/daelim/roadwin_125r_fi/2014-en-madrid-6451817.htm
Barcelona;YAMAHA;X MAX 400;Scooters +125cc;395;Negro Brillante;13326;2015;5000;http://motos.net/ocasion/yamaha/x_max_400/abs-2015-en-barcelona-6466081.htm
Murcia;KYMCO;Xciting 500;Scooters +125cc;498;negro;8200;2005;2500;http://motos.net/ocasion/kymco/xciting_500/2005-en-murcia-6466092.htm
Madrid;DAELIM;Roadwin 125;Naked;124;NEGRO;22939;2015;1799;http://motos.net/ocasion/daelim/roadwin_125/2015-en-madrid-6395400.htm
Sevilla;HARLEY DAVIDSON;Sportster XR 1200;Custom;1200;NARANJA;47254;2008;8000;http://motos.net/ocasion/harley_davidson/sportster_xr_1200/2008-en-sevilla-6466108.htm
Madrid;APRILIA;Pegaso 650;Trail;652;Negra;35000;2004;2800;http://motos.net/ocasion/aprilia/pegaso_650/2004-en-madrid-6466077.htm
Barcelona;BMW;F 800 GT;Turismo;798;BLANCO;46450;2014;7990;http://motos.net/ocasion/bmw/f_800_gt/2014-en-barcelona-6439005.htm
Madrid;BMW;F 800 GS;Trail;798;;10700;2014;8300;http://motos.net/ocasion/bmw/f_800_gs/2014-en-madrid-6466080.htm
Madrid;DAELIM;Roadwin 125 FI;Naked;124;NEGRO;20308;2005;1299;http://motos.net/ocasion/daelim/roadwin_125_fi/2005-en-madrid-6441432.htm
Barcelona;KTM;EXC 250;Enduro;249;bco;5887;2015;5500;http://motos.net/ocasion/ktm/exc_250/2015-en-barcelona-6466043.htm
Valencia;YAMAHA;FJR 1300 A;Turismo;1298;Plata;;2013;16900;http://motos.net/ocasion/yamaha/fjr_1300_a/2013-en-valencia-5633688.htm
Madrid;KAWASAKI;Versys;Trail;649;2 colores;;2017;7899;http://motos.net/ocasion/kawasaki/versys/650_abs-2017-en-madrid-6466103.htm
Madrid;KAWASAKI;Versys;Trail;649;3 colores;;2016;6999;http://motos.net/ocasion/kawasaki/versys/650-2016-en-madrid-6466104.htm
Valencia;HONDA;VT 750 C SHADOW;Custom;745;BURDEOS;10000;2005;5000;http://motos.net/ocasion/honda/vt_750_c_shadow/2005-en-valencia-6341452.htm
Barcelona;HONDA;SCOOPY SH125i ABS;Scooter 125cc;125;NEGRO ROJO BLANCO;1;2017;3389;http://motos.net/ocasion/honda/scoopy_sh125i_abs/2017-en-barcelona-6466091.htm
Madrid;YAMAHA;T-Max 500 ABS;Scooters +125cc;499;gris-oro;48900;2006;3690;http://motos.net/ocasion/yamaha/t__max_500_abs/2006-en-madrid-6362296.htm
Barcelona;DUCATI;MULTISTRADA 1200;Trail;1199;ROJO;4145;2015;15990;http://motos.net/ocasion/ducati/multistrada_1200/2015-en-barcelona-6464217.htm
Madrid;APRILIA;SRV 850 ABS/ATC;Scooters +125cc;849;;21415;2013;6490;http://motos.net/ocasion/aprilia/srv_850_abs/atc/2013-en-madrid-6466088.htm
Barcelona;HONDA;CB 500F ABS;Naked;471;ROJO;22103;2014;4500;http://motos.net/ocasion/honda/cb_500f_abs/2014-en-barcelona-6466085.htm
Madrid;BMW;K 1600 GT;Turismo;1649;gris claro;31490;2012;16999;http://motos.net/ocasion/bmw/k_1600_gt/2012-en-madrid-6466083.htm
Madrid;BMW;R 1200 GS;Trail;1170;NEGRO;29400;2015;15500;http://motos.net/ocasion/bmw/r_1200_gs/2015-en-madrid-6466082.htm
Madrid;APRILIA;RX 125;Enduro;125;BLANCO Y ROJO;9200;2014;3400;http://motos.net/ocasion/aprilia/rx_125/2014-en-madrid-6272834.htm
Madrid;BMW;F 800 GT;Turismo;798;BLANCO;46450;2014;7990;http://motos.net/ocasion/bmw/f_800_gt/2014-en-madrid-6439224.htm
Asturias;APRILIA;SR Max 125;Scooter 125cc;125;Blanco;4290;2012;2100;http://motos.net/ocasion/aprilia/sr_max_125/2012-en-asturias-6466032.htm
Madrid;HYOSUNG;GT 250Ri COMET;Sport;249;;38000;2010;1000;http://motos.net/ocasion/hyosung/gt_250ri_comet/2010-en-madrid-6466072.htm
Leon;HARLEY DAVIDSON;Softail Cross Bones;Custom;1584;;14900;2009;17999;http://motos.net/ocasion/harley_davidson/softail_cross_bones/2009-en-leon-6466068.htm
Castellon;HONDA;CBR 600 RR;Sport;599;;23000;2006;3500;http://motos.net/ocasion/honda/cbr_600_rr/2006-en-castellon-6465941.htm
Valencia;SUZUKI;BURGMAN 400 A ABS;Scooters +125cc;400;blanco;35394;2012;4150;http://motos.net/ocasion/suzuki/burgman_400_a_abs/2012-en-valencia-6415816.htm
Sevilla;BMW;R 1200 RT;Turismo;1200;Negro;60000;2011;12800;http://motos.net/ocasion/bmw/r_1200_rt/2011-en-sevilla-6453525.htm
Caceres;VESPA;Iris 150;Scooter 125cc;150;;200;1970;2850;http://motos.net/ocasion/vespa/iris_150/1970-en-caceres-6465998.htm
Las Palmas;YAMAHA;YZF R6;Sport;600;Amarillo y blanco;59000;2004;2700;http://motos.net/ocasion/yamaha/yzf_r6/2004-en-las_palmas-6452669.htm
Malaga;KAWASAKI;J 300 SE;Scooters +125cc;300;Negro;7780;2014;3300;http://motos.net/ocasion/kawasaki/j_300_se/2014-en-malaga-6465688.htm
Las Palmas;BMW;S 1000 R;Sport;999;Black;8000;2016;13900;http://motos.net/ocasion/bmw/s_1000_r/2016-en-las_palmas-6424338.htm
Almeria;HONDA;CB 600F HORNET;Naked;600;;60000;2005;1950;http://motos.net/ocasion/honda/cb_600f_hornet/2005-en-almeria-6466075.htm
Barcelona;YAMAHA;T-Max 530;Scooters +125cc;530;Negro;56000;2013;7700;http://motos.net/ocasion/yamaha/t__max_530/2013-en-barcelona-6466040.htm
Valencia;SUZUKI;V-Strom 650 ABS;Trail;647;negra;195;2016;7999;http://motos.net/ocasion/suzuki/v__strom_650_abs/2016-en-valencia-6466070.htm
Madrid;PIAGGIO;MP3;Scooters +125cc;492;GRIS PLATA;132;2016;7600;http://motos.net/ocasion/piaggio/mp3/500_sport_abs/asr-2016-en-madrid-6187707.htm
Madrid;PIAGGIO;MP3;Scooters +125cc;492;;14375;2011;6200;http://motos.net/ocasion/piaggio/mp3/500_business-2011-en-madrid-6288086.htm
Madrid;PIAGGIO;MP3 125 RL;Scooter 125cc;124;gris;40401;2006;2200;http://motos.net/ocasion/piaggio/mp3_125_rl/2006-en-madrid-6125231.htm
Madrid;PIAGGIO;LIBERTY 50;Scooters 50cc;49;negro;19395;2003;600;http://motos.net/ocasion/piaggio/liberty_50/2003-en-madrid-6340942.htm
Madrid;PIAGGIO;beverly 200;Scooters +125cc;198;gris plata;81171;2002;650;http://motos.net/ocasion/piaggio/beverly_200/2002-en-madrid-6368551.htm
Madrid;BMW;S 1000 RR;Sport;999;BLANCA/AZUL;9250;2015;16500;http://motos.net/ocasion/bmw/s_1000_rr/2015-en-madrid-6466065.htm
Madrid;PEUGEOT;ELYSEO 150;Scooters +125cc;150;gris;40003;2002;800;http://motos.net/ocasion/peugeot/elyseo_150/2002-en-madrid-6344229.htm
Madrid;KYMCO;Vitality 50;Scooters 50cc;49;azul;13367;2010;600;http://motos.net/ocasion/kymco/vitality_50/2010-en-madrid-6343242.htm
Madrid;KYMCO;Super Dink 300i;Scooters +125cc;300;blanco;34493;2011;2600;http://motos.net/ocasion/kymco/super_dink_300i/2011-en-madrid-6450524.htm
Madrid;KYMCO;Quannon 125;Sport;124;azul;21655;2007;1200;http://motos.net/ocasion/kymco/quannon_125/2007-en-madrid-6336790.htm
Zaragoza;BMW;R 850 R;Naked;848;Azul;7500;2002;6900;http://motos.net/ocasion/bmw/r_850_r/2002-en-zaragoza-6466029.htm
Caceres;YAMAHA;XT 660 RE;Trail;659;azul;32000;2004;2999;http://motos.net/ocasion/yamaha/xt_660_re/2004-en-caceres-6466025.htm
Toledo;KYMCO;Venox 250;Custom;249;;20000;2007;1800;http://motos.net/ocasion/kymco/venox_250/2007-en-toledo-6466017.htm
Madrid;KYMCO;Agility CITY 125;Scooter 125cc;125;;39514;2009;1100;http://motos.net/ocasion/kymco/agility_city_125/2009-en-madrid-6281699.htm
Madrid;GILERA;Storm 50;Scooters 50cc;49;Rojo;47475;2011;750;http://motos.net/ocasion/gilera/storm_50/2011-en-madrid-6368434.htm
Madrid;SUZUKI;BURGMAN 400 ABS;Scooters +125cc;400;Negro;53000;2011;3800;http://motos.net/ocasion/suzuki/burgman_400_abs/2011-en-madrid-6466059.htm
Madrid;DERBI;BOULEVARD 200;Scooters +125cc;197;negro;17708;2013;1100;http://motos.net/ocasion/derbi/boulevard_200/2013-en-madrid-6344470.htm
Segovia;KTM;1190 Adventure;Trail;1195;naranja;31000;2013;11500;http://motos.net/ocasion/ktm/1190_adventure/2013-en-segovia-6426255.htm
Madrid;DERBI;BOULEVARD 125 4T;Scooter 125cc;124;negro;7982;2011;1400;http://motos.net/ocasion/derbi/boulevard_125_4t/2011-en-madrid-6344469.htm
Madrid;DAELIM;NS 125;Scooter 125cc;125;burdeos;7665;2008;1500;http://motos.net/ocasion/daelim/ns_125/2008-en-madrid-6419398.htm
Madrid;APRILIA;SR 50;Scooters 50cc;50;;17719;2005;800;http://motos.net/ocasion/aprilia/sr_50/2005-en-madrid-6134885.htm
Madrid;DERBI;GPR 125 4T 4V;Sport;124;TODOS;1;2013;3699;http://motos.net/ocasion/derbi/gpr_125_4t_4v/2013-en-madrid-5899696.htm
Madrid;VESPA;Primavera;Scooter 125cc;124;AZUL;15000;2014;2490;http://motos.net/ocasion/vespa/primavera/125ie_3v-2014-en-madrid-6466048.htm
Madrid;YAMAHA;MT-125 ABS;Naked;125;TODOS;;2017;4849;http://motos.net/ocasion/yamaha/mt__125_abs/2017-en-madrid-6424053.htm
Malaga;VESPA;Gran Turismo 200;Scooters +125cc;198;negro;9289;2006;2999;http://motos.net/ocasion/vespa/gran_turismo_200/2006-en-malaga-6457513.htm
Madrid;YAMAHA;YZF R1;Sport;998;TODOS;;2017;21499;http://motos.net/ocasion/yamaha/yzf_r1/2017-en-madrid-6424067.htm
Malaga;ROYAL ENFIELD;Bullet Classic;Turismo;499;verde;7023;2016;3299;http://motos.net/ocasion/royal_enfield/bullet_classic/500-2016-en-malaga-6457508.htm
Barcelona;GAS GAS;EC 300 SIX DAYS;Enduro;297;;5500;2008;2600;http://motos.net/ocasion/gas_gas/ec_300_six_days/2008-en-barcelona-6432916.htm
Navarra;PEUGEOT;Citystar 200i;Scooters +125cc;200;NEGRA;15000;2013;1550;http://motos.net/ocasion/peugeot/citystar_200i/2013-en-navarra-6466036.htm
Madrid;YAMAHA;T-Max 530;Scooters +125cc;530;NEGRO;23639;2015;9190;http://motos.net/ocasion/yamaha/t__max_530/iron_max-2015-en-madrid-6400106.htm
Malaga;HYOSUNG;GT 250i COMET;Naked;249;blanco;23656;2009;1999;http://motos.net/ocasion/hyosung/gt_250i_comet/2009-en-malaga-6457515.htm
Malaga;HONDA;VFR 1200 F DCT;Turismo;1237;negro;78000;2011;9999;http://motos.net/ocasion/honda/vfr_1200_f_dct/2011-en-malaga-6251452.htm
Madrid;YAMAHA;FZ6 S S2 ABS;Turismo;600;;79811;2007;3290;http://motos.net/ocasion/yamaha/fz6_s_s2_abs/2007-en-madrid-6449552.htm
Madrid;SUZUKI;BURGMAN 200 Executive;Scooters +125cc;200;;41258;2012;2490;http://motos.net/ocasion/suzuki/burgman_200_executive/2012-en-madrid-6461092.htm
Murcia;HONDA;VT 750 C SHADOW;Custom;745;Negra;31400;2003;4199;http://motos.net/ocasion/honda/vt_750_c_shadow/2003-en-murcia-6466033.htm
Malaga;HONDA;NT 650 V DEAUVILLE;Turismo;647;plata;131452;2005;2499;http://motos.net/ocasion/honda/nt_650_v_deauville/2005-en-malaga-6441629.htm
Madrid;KAWASAKI;Z 800e ABS;Naked;800;;13000;2016;7190;http://motos.net/ocasion/kawasaki/z_800e_abs/2016-en-madrid-6464276.htm
Madrid;KAWASAKI;J 300;Scooters +125cc;299;;18517;2015;3490;http://motos.net/ocasion/kawasaki/j_300/2015-en-madrid-6464278.htm
Madrid;BMW;R 1200 GS 105cv;Trail;1170;;89702;2009;9590;http://motos.net/ocasion/bmw/r_1200_gs_105cv/2009-en-madrid-6456055.htm
Murcia;SUZUKI;GS 500F;Turismo;487;NEGRA;13001;2006;1799;http://motos.net/ocasion/suzuki/gs_500f/2006-en-murcia-6356725.htm
Valencia;HONDA;CBR 500R;Sport;471;negro;1;2014;5310;http://motos.net/ocasion/honda/cbr_500r/2014-en-valencia-6443623.htm
Madrid;APRILIA;Compay 125 Custom;Scooter 125cc;124;;35328;2007;1299;http://motos.net/ocasion/aprilia/compay_125_custom/2007-en-madrid-6350763.htm
Valencia;INDIAN;Chief;Custom;1811;NEGRO;;2015;24990;http://motos.net/ocasion/indian/chief/vintage-2015-en-valencia-5876257.htm
Valencia;HARLEY DAVIDSON;Sportster 883 Custom;Custom;883;;21180;2007;6400;http://motos.net/ocasion/harley_davidson/sportster_883_custom/2007-en-valencia-6455857.htm
Barcelona;SUZUKI;GS 500 E;Naked;487;;72300;2001;1400;http://motos.net/ocasion/suzuki/gs_500_e/2001-en-barcelona-6465996.htm
Burgos;YAMAHA;V-Max 1700;Naked;1679;;11613;2010;14999;http://motos.net/ocasion/yamaha/v__max_1700/2010-en-burgos-6466008.htm
Madrid;BMW;C 650 GT;Scooters +125cc;647;Gris;1500;2015;8950;http://motos.net/ocasion/bmw/c_650_gt/2015-en-madrid-6422933.htm
Malaga;DUCATI;999 Biposto;Sport;998;Roja;22600;2003;6000;http://motos.net/ocasion/ducati/999_biposto/2003-en-malaga-6465983.htm
Madrid;DAELIM;Roadwin 125;Naked;124;Blanco;8500;2015;2150;http://motos.net/ocasion/daelim/roadwin_125/2015-en-madrid-6465759.htm
Madrid;BMW;R 1200 R;Naked;1170;;16000;2012;8800;http://motos.net/ocasion/bmw/r_1200_r/2012-en-madrid-6465981.htm
Tarragona;HARLEY DAVIDSON;Touring Road King;Turismo;1340;plata;58000;2006;12000;http://motos.net/ocasion/harley_davidson/touring_road_king/2006-en-tarragona-6465971.htm
Madrid;HONDA;CBF 500;Naked;499;Plata;37000;2004;2200;http://motos.net/ocasion/honda/cbf_500/2004-en-madrid-6465766.htm
Madrid;INDIAN;Chief;Custom;1811;Negra;11900;2010;11500;http://motos.net/ocasion/indian/chief/vintage-2010-en-madrid-6410258.htm
Madrid;SUZUKI;Bandit 650 S;Turismo;656;NEGRO;24900;2009;4100;http://motos.net/ocasion/suzuki/bandit_650_s/2009-en-madrid-6465997.htm
Tarragona;YAMAHA;XVS 1100 A Drag Star Classic;Custom;1063;Negra;6500;2007;6500;http://motos.net/ocasion/yamaha/xvs_1100_a_drag_star_classic/2007-en-tarragona-6455080.htm
Valencia;HONDA;Integra;Scooters +125cc;745;plata;3045;2016;8286;http://motos.net/ocasion/honda/integra/2016-en-valencia-6425799.htm
Madrid;SYM;Wolf 125i 4T;Naked;125;Negro;5850;2012;1799;http://motos.net/ocasion/sym/wolf_125i_4t/2012-en-madrid-6465994.htm
Barcelona;KTM;DUKE 200;Naked;200;NARANJA Y NEGRO;18000;2012;2800;http://motos.net/ocasion/ktm/duke_200/2012-en-barcelona-6290659.htm
Barcelona;VICTORY;Magnum;Custom;1731;GRIS;4000;2016;22500;http://motos.net/ocasion/victory/magnum/2016-en-barcelona-6302081.htm
Madrid;SUZUKI;VanVan 125;Naked;124;Azul;2399;2008;2399;http://motos.net/ocasion/suzuki/vanvan_125/2008-en-madrid-6465990.htm
Valencia;KYMCO;Xciting 500 R ABS;Scooters +125cc;498;gris;43000;2009;2300;http://motos.net/ocasion/kymco/xciting_500_r_abs/2009-en-valencia-6465984.htm
Madrid;YAMAHA;T-Max 500;Scooters +125cc;499;Black Max;31000;2008;4900;http://motos.net/ocasion/yamaha/t__max_500/2008-en-madrid-6465977.htm
Madrid;TRIUMPH;SPEED TRIPLE;Naked;1050;negro;32000;2010;6100;http://motos.net/ocasion/triumph/speed_triple/2010-en-madrid-6465969.htm
Castellon;KTM;EXC 450;Enduro;447;;7800;2009;3900;http://motos.net/ocasion/ktm/exc_450/2009-en-castellon-6465942.htm
Barcelona;HARLEY DAVIDSON;Sportster 883 Custom;Custom;883;NEGRO;17547;2007;6499;http://motos.net/ocasion/harley_davidson/sportster_883_custom/2007-en-barcelona-6357717.htm
Madrid;KEEWAY;RKV 125;Naked;124;Blanco;27980;2014;1299;http://motos.net/ocasion/keeway/rkv_125/2014-en-madrid-6465975.htm
Madrid;KAWASAKI;Z 750;Naked;748;Negro;28162;2011;4699;http://motos.net/ocasion/kawasaki/z_750/2011-en-madrid-6465972.htm
Valencia;HYOSUNG;GT 125R COMET;Sport;125;blanco, negro y blanco/rojo;;2014;2999;http://motos.net/ocasion/hyosung/gt_125r_comet/2014-en-valencia-5438871.htm
Barcelona;HONDA;SCOOPY SH150i;Scooters +125cc;152;negro;55000;2005;950;http://motos.net/ocasion/honda/scoopy_sh150i/2005-en-barcelona-6465791.htm
Madrid;PIAGGIO;LIBERTY 50 2T;Scooters 50cc;49;;36000;2003;750;http://motos.net/ocasion/piaggio/liberty_50_2t/2003-en-madrid-6353500.htm
Murcia;KAWASAKI;NINJA ZX-6R 636 KTR Edition;Sport;636;verde;22000;2007;3199;http://motos.net/ocasion/kawasaki/ninja_zx__6r_636_ktr_edition/2007-en-murcia-6465955.htm
A Coruna;HONDA;VFR 800 FI ABS;Sport;781;gris plomo;65000;2010;6800;http://motos.net/ocasion/honda/vfr_800_fi_abs/2010-en-a_coruna-6465931.htm
Barcelona;BMW;R 1200 GS 105cv;Trail;1170;blanca;48000;2009;9000;http://motos.net/ocasion/bmw/r_1200_gs_105cv/2009-en-barcelona-6465826.htm
Sta. C. Tenerife;HARLEY DAVIDSON;Sportster 1200 Custom;Custom;1202;Negro;13000;2004;7400;http://motos.net/ocasion/harley_davidson/sportster_1200_custom/2004-en-sta_c_tenerife-6465788.htm
Cadiz;YAMAHA;XVS 950 A Midnight Star;Custom;942;negra;30000;2009;5500;http://motos.net/ocasion/yamaha/xvs_950_a_midnight_star/2009-en-cadiz-6465915.htm
Barcelona;HONDA;CB 600F ABS HORNET;Naked;599;;42000;2007;2900;http://motos.net/ocasion/honda/cb_600f_abs_hornet/2007-en-barcelona-6465907.htm
Barcelona;HONDA;NC 750 X;Trail;745;blanca;8400;2016;7000;http://motos.net/ocasion/honda/nc_750_x/dtc-2016-en-barcelona-6465857.htm
Castellon;BMW;F 800 GS;Trail;798;;31000;2013;8000;http://motos.net/ocasion/bmw/f_800_gs/2013-en-castellon-6465866.htm
Barcelona;HARLEY DAVIDSON;Sportster XL1200 CA;Custom;1200;Rojo y negro;9200;2013;10500;http://motos.net/ocasion/harley_davidson/sportster_xl1200_ca/2013-en-barcelona-6407890.htm
Madrid;KAWASAKI;ER 6N;Naked;649;NEGRO;76000;2008;2900;http://motos.net/ocasion/kawasaki/er_6n/2008-en-madrid-6434637.htm
Alicante;SUZUKI;VanVan 125;Naked;125;;1967;2016;3000;http://motos.net/ocasion/suzuki/vanvan_125/2016-en-alicante-6465946.htm
Madrid;YAMAHA;XJ6 Diversion S ABS;Turismo;600;NEGRA- GRIS;30000;2010;4500;http://motos.net/ocasion/yamaha/xj6_diversion_s_abs/2010-en-madrid-6409476.htm
Madrid;KAWASAKI;Z 750;Naked;748;GRIS;40000;2006;3200;http://motos.net/ocasion/kawasaki/z_750/2006-en-madrid-6416205.htm
Madrid;YAMAHA;T-Max 500;Scooters +125cc;499;AZUL;35000;2007;4600;http://motos.net/ocasion/yamaha/t__max_500/2007-en-madrid-6408585.htm
Madrid;TRIUMPH;SCRAMBLER EFI;Naked;865;AZUL;2000;2015;8500;http://motos.net/ocasion/triumph/scrambler_efi/2015-en-madrid-6318784.htm
Madrid;SUZUKI;BURGMAN 650 Executive;Scooters +125cc;638;BLANCA;11000;2014;8000;http://motos.net/ocasion/suzuki/burgman_650_executive/2014-en-madrid-6396654.htm
Valencia;BMW;F 650 GS 30 YEARS GS;Trail;798;BLANCO;49293;2011;6900;http://motos.net/ocasion/bmw/f_650_gs_30_years_gs/2011-en-valencia-6435120.htm
Madrid;MV AGUSTA;Turismo Veloce 800;Turismo;798;ROJO;12000;2015;13000;http://motos.net/ocasion/mv_agusta/turismo_veloce_800/2015-en-madrid-6461161.htm
Valencia;BMW;R 1150 R;Naked;1130;negro;44500;2006;6500;http://motos.net/ocasion/bmw/r_1150_r/2006-en-valencia-6410959.htm
Madrid;KAWASAKI;ZX 6R;Sport;599;VERDE;16000;2008;4900;http://motos.net/ocasion/kawasaki/zx_6r/2008-en-madrid-6447402.htm
Alicante;KAWASAKI;Z 750;Naked;748;;13144;2006;3500;http://motos.net/ocasion/kawasaki/z_750/2006-en-alicante-6465943.htm
Valencia;BMW;R 1150 R;Naked;1130;plata;49784;2004;4990;http://motos.net/ocasion/bmw/r_1150_r/2004-en-valencia-6381137.htm
Valencia;HONDA;XL 125 Varadero;Trail;124;GRIS;28150;2006;2490;http://motos.net/ocasion/honda/xl_125_varadero/2006-en-valencia-6453595.htm
Madrid;HONDA;Transalp XL 700 V ABS;Trail;680;ORO;20000;2008;4900;http://motos.net/ocasion/honda/transalp_xl_700_v_abs/2008-en-madrid-6351767.htm
Valencia;KAWASAKI;VERSYS 650;Trail;649;AZUL;29513;2009;4490;http://motos.net/ocasion/kawasaki/versys_650/2009-en-valencia-6435122.htm
Valencia;TRIUMPH;TIGER 800 ABS;Trail;799;Azul;42929;2014;7990;http://motos.net/ocasion/triumph/tiger_800_abs/2014-en-valencia-6449570.htm
Valencia;VESPA;GTS 300 ie Super;Scooters +125cc;278;BLANCO;5438;2010;3900;http://motos.net/ocasion/vespa/gts_300_ie_super/2010-en-valencia-6440036.htm
Valencia;YAMAHA;FZ6 S;Turismo;600;Gris/Negro;51463;2005;2490;http://motos.net/ocasion/yamaha/fz6_s/2005-en-valencia-6395663.htm
Valencia;YAMAHA;X MAX 250;Scooters +125cc;249;NEGRO;53742;2006;1750;http://motos.net/ocasion/yamaha/x_max_250/2006-en-valencia-6411087.htm
Valencia;KAWASAKI;Eliminator BN 125;Custom;124;AZUL;13477;2006;1750;http://motos.net/ocasion/kawasaki/eliminator_bn_125/2006-en-valencia-6442357.htm
Valencia;HONDA;SCOOPY SH125i ABS Top Box;Scooter 125cc;125;gris metalizado;2012;2014;2990;http://motos.net/ocasion/honda/scoopy_sh125i_abs_top_box/2014-en-valencia-6442474.htm
Valencia;HONDA;NT 700 V DEAUVILLE ABS;Turismo;680;rojo;32870;2010;6490;http://motos.net/ocasion/honda/nt_700_v_deauville_abs/2010-en-valencia-6433892.htm
Valencia;HONDA;NSS 300 Forza;Scooters +125cc;278;;29297;2014;3490;http://motos.net/ocasion/honda/nss_300_forza/2014-en-valencia-6442516.htm
Valencia;BMW;R 1150 R;Naked;1130;NEGRO;18543;2005;5990;http://motos.net/ocasion/bmw/r_1150_r/2005-en-valencia-6438301.htm
Valencia;BMW;K 75 RT;Turismo;750;AZUL;72985;1991;2990;http://motos.net/ocasion/bmw/k_75_rt/1991-en-valencia-6442465.htm
Madrid;BMW;C1 125 Executive;Scooter 125cc;125;negro;5500;2003;3900;http://motos.net/ocasion/bmw/c1_125_executive/2003-en-madrid-6465930.htm
Girona;KYMCO;Grand Dink 125;Scooter 125cc;125;Blanco;2900;2016;2800;http://motos.net/ocasion/kymco/grand_dink_125/2016-en-girona-6356610.htm
Barcelona;BMW;F 800 GS;Trail;798;GRIS;49800;2008;6449;http://motos.net/ocasion/bmw/f_800_gs/2008-en-barcelona-6399874.htm
Valencia;KTM;1190 Adventure;Trail;1195;negro;9955;2014;12990;http://motos.net/ocasion/ktm/1190_adventure/2014-en-valencia-6444480.htm
Tarragona;YAMAHA;YZF R6;Sport;599;Rojo, Blanco i Negro;51155;1999;2999;http://motos.net/ocasion/yamaha/yzf_r6/1999-en-tarragona-6465908.htm
Barcelona;PIAGGIO;X EVO 125;Scooter 125cc;124;Negra;67000;2010;1600;http://motos.net/ocasion/piaggio/x_evo_125/2010-en-barcelona-6465910.htm
Barcelona;HONDA;CBR 600 RR;Sport;599;;51500;2006;3600;http://motos.net/ocasion/honda/cbr_600_rr/2006-en-barcelona-6465896.htm
Barcelona;HARLEY DAVIDSON;CVO Softail Springer;Custom;1450;Verde;1400;2008;16000;http://motos.net/ocasion/harley_davidson/cvo_softail_springer/2008-en-barcelona-6465898.htm
Malaga;MV AGUSTA;BRUTALE 750S;Naked;750;ROJO;8000;2004;4900;http://motos.net/ocasion/mv_agusta/brutale_750s/2004-en-malaga-6465883.htm
Sevilla;BMW;R 1200 RT;Turismo;1200;gris;33000;2014;13000;http://motos.net/ocasion/bmw/r_1200_rt/2014-en-sevilla-6465878.htm
Madrid;KYMCO;Agility 125;Scooter 125cc;125;;2400;2016;1600;http://motos.net/ocasion/kymco/agility_125/2016-en-madrid-6465871.htm
Barcelona;YAMAHA;X MAX 250;Scooters +125cc;249;gris;45600;2007;1690;http://motos.net/ocasion/yamaha/x_max_250/2007-en-barcelona-6465865.htm
Madrid;KAWASAKI;Z 1000;Naked;953;;24000;2008;4800;http://motos.net/ocasion/kawasaki/z_1000/2008-en-madrid-6465864.htm
Asturias;SUZUKI;TU 250 X;Turismo;249;;30000;1999;1350;http://motos.net/ocasion/suzuki/tu_250_x/1999-en-asturias-6465859.htm
Barcelona;YAMAHA;XJ 600;Turismo;600;verde;70000;1994;700;http://motos.net/ocasion/yamaha/xj_600/1994-en-barcelona-6465828.htm
Madrid;KTM;690 SMC R;Supermotard;690;Blanco;10450;2014;7500;http://motos.net/ocasion/ktm/690_smc_r/abs-2014-en-madrid-6465820.htm
Valencia;HONDA;CBF 600S C-ABS;Turismo;599;Negra;29500;2009;3500;http://motos.net/ocasion/honda/cbf_600s_c__abs/2009-en-valencia-6465804.htm
Valencia;PIAGGIO;MP3;Scooters +125cc;492;blanco;1500;2016;7900;http://motos.net/ocasion/piaggio/mp3/500_business_abs/asr-2016-en-valencia-6465793.htm
Guipuzcoa;HONDA;NT 700 V DEAUVILLE ABS;Turismo;680;;36000;2008;5400;http://motos.net/ocasion/honda/nt_700_v_deauville_abs/2008-en-guipuzcoa-6388756.htm
Alicante;APRILIA;Shiver 750;Naked;749;negra-dorada;39200;2008;4000;http://motos.net/ocasion/aprilia/shiver_750/2008-en-alicante-6460956.htm
Vizcaya;YAMAHA;X MAX 400;Scooters +125cc;395;MATT GREY;11944;2016;5499;http://motos.net/ocasion/yamaha/x_max_400/abs-2016-en-vizcaya-6465909.htm
Malaga;BMW;C 650 GT;Scooters +125cc;647;gris;5873;2014;8400;http://motos.net/ocasion/bmw/c_650_gt/2014-en-malaga-6465904.htm
Barcelona;PEUGEOT;TWEET 125;Scooter 125cc;125;NEGRO,PLATA,CREMA,CHOCOLATE;;2012;35;http://motos.net/ocasion/peugeot/tweet_125/2012-en-barcelona-5081096.htm
Valencia;TRIUMPH;Thunderbird Storm;Custom;1699;NEGRO;10500;2013;11500;http://motos.net/ocasion/triumph/thunderbird_storm/2013-en-valencia-6370873.htm
Malaga;YAMAHA;FZ6 N S2;Naked;600;negro;52544;2008;3200;http://motos.net/ocasion/yamaha/fz6_n_s2/2008-en-malaga-6465895.htm
Navarra;SUZUKI;V-Strom 1000;Trail;1037;GRANATE;1000;2016;11990;http://motos.net/ocasion/suzuki/v__strom_1000/abs-2016-en-navarra-6465892.htm
Barcelona;APRILIA;SMV 750 Dorsoduro;Supermotard;749;Negro brillante;21833;2008;4999;http://motos.net/ocasion/aprilia/smv_750_dorsoduro/2008-en-barcelona-6465891.htm
Granada;KTM;690 DUKE;Naked;690;Naranja/negro;24806;2012;5199;http://motos.net/ocasion/ktm/690_duke/2012-en-granada-6457804.htm
Granada;TRIUMPH;Trophy SE;Turismo;1215;PLATA;42318;2013;12199;http://motos.net/ocasion/triumph/trophy_se/2013-en-granada-6336887.htm
Madrid;HYOSUNG;GV 250i AQUILA;Custom;250;;46000;2008;1499;http://motos.net/ocasion/hyosung/gv_250i_aquila/2008-en-madrid-6346786.htm
Valencia;SUZUKI;GSR 750;Naked;749;NEGRO;16800;2012;5100;http://motos.net/ocasion/suzuki/gsr_750/2012-en-valencia-6395434.htm
Granada;HONDA;VFR 800 FI ABS;Sport;781;NEGRO;47100;2006;4899;http://motos.net/ocasion/honda/vfr_800_fi_abs/2006-en-granada-6451076.htm
Madrid;HONDA;VFR 1200 F;Turismo;1237;BLANCO;29000;2010;10400;http://motos.net/ocasion/honda/vfr_1200_f/2010-en-madrid-6354725.htm
Madrid;HONDA;VT 750 C2 Shadow;Custom;750;NEGRO;40903;2005;3900;http://motos.net/ocasion/honda/vt_750_c2_shadow/2005-en-madrid-6452017.htm
Barcelona;BMW;F 650 GS;Trail;798;Azul;34609;2003;3200;http://motos.net/ocasion/bmw/f_650_gs/2003-en-barcelona-6465879.htm
Navarra;BMW;F 650;Trail;652;ROJO;44000;2005;3650;http://motos.net/ocasion/bmw/f_650/2005-en-navarra-6465877.htm
Madrid;HONDA;FORZA 250 EX;Scooters +125cc;250;NEGRA;57000;2005;1700;http://motos.net/ocasion/honda/forza_250_ex/2005-en-madrid-6465876.htm
Sevilla;YAMAHA;FZ6 S S2;Turismo;600;NEGRA;58934;2007;2800;http://motos.net/ocasion/yamaha/fz6_s_s2/2007-en-sevilla-6465872.htm
Madrid;HARLEY DAVIDSON;Sportster Nightster;Custom;1199;NEGRO;12821;2010;8900;http://motos.net/ocasion/harley_davidson/sportster_nightster/2010-en-madrid-6419944.htm
Madrid;DUCATI;Diavel;Custom;1198;;15410;2011;11700;http://motos.net/ocasion/ducati/diavel/2011-en-madrid-6373994.htm
Madrid;BMW;R 1200 RT;Turismo;1170;GRIS TRUENO;52964;2011;12800;http://motos.net/ocasion/bmw/r_1200_rt/2011-en-madrid-6419904.htm
Madrid;BMW;G 650 GS;Trail;652;BLANCO/ROJO;12281;2015;6200;http://motos.net/ocasion/bmw/g_650_gs/2015-en-madrid-6328542.htm
Madrid;BMW;F 800 R;Naked;800;BLANCO/AZUL;8450;2015;7900;http://motos.net/ocasion/bmw/f_800_r/2015-2015-en-madrid-6453138.htm
Madrid;BMW;F 700 GS;Trail;798;AZUL;34840;2013;6900;http://motos.net/ocasion/bmw/f_700_gs/2013-en-madrid-6419915.htm
Barcelona;YAMAHA;T-Max Tech Max ABS;Scooters +125cc;499;Bronce;50299;2011;6800;http://motos.net/ocasion/yamaha/t__max_tech_max_abs/2011-en-barcelona-6465862.htm
Lleida;TRIUMPH;TIGER 800 ABS;Trail;799;blanco;38900;2013;6900;http://motos.net/ocasion/triumph/tiger_800_abs/2013-en-lleida-6443727.htm
Lleida;KAWASAKI;VN 900 CLASSIC;Custom;903;negro;19050;2011;5700;http://motos.net/ocasion/kawasaki/vn_900_classic/2011-en-lleida-6439972.htm
Leon;KTM;RC8 1190;Sport;1190;Blanco;29000;2010;7100;http://motos.net/ocasion/ktm/rc8_1190/2010-en-leon-6403738.htm
Lleida;HARLEY DAVIDSON;Sportster 1200;Custom;1202;;1;2016;15995;http://motos.net/ocasion/harley_davidson/sportster_1200/roadster-2016-en-lleida-6420179.htm
Valencia;TRIUMPH;AMERICA 900 2-Tone;Custom;865;BITONO;14300;2011;6800;http://motos.net/ocasion/triumph/america_900_2__tone/2011-en-valencia-6440948.htm
Zaragoza;DUCATI;DIAVEL 1198;Custom;1198;ROJO;33169;2011;11500;http://motos.net/ocasion/ducati/diavel_1198/2011-en-zaragoza-6465853.htm
Madrid;YAMAHA;X MAX 125 ABS;Scooter 125cc;125;TODOS;;2016;4699;http://motos.net/ocasion/yamaha/x_max_125_abs/2016-en-madrid-6193502.htm
Lleida;BMW;R 1200 RT 110cv;Turismo;1170;negro;30102;2009;10990;http://motos.net/ocasion/bmw/r_1200_rt_110cv/2009-en-lleida-6428670.htm
Lleida;BMW;R 1200 R;Naked;1170;gris grafito;18016;2013;9700;http://motos.net/ocasion/bmw/r_1200_r/2013-en-lleida-6439965.htm
Madrid;YAMAHA;YBR 125;Naked;124;PLATA;54000;2006;990;http://motos.net/ocasion/yamaha/ybr_125/2006-en-madrid-6461404.htm
Madrid;HANWAY;Raw 125;Naked;123;GREEN & BLACK;;2016;2149;http://motos.net/ocasion/hanway/raw_125/cafe_racer-2016-en-madrid-6193510.htm
Lleida;BMW;R 100 S;Sport;979;BURDEOS;26414;1978;7500;http://motos.net/ocasion/bmw/r_100_s/1978-en-lleida-6344749.htm
Barcelona;YAMAHA;T-Max 530;Scooters +125cc;530;negra;26000;2013;7800;http://motos.net/ocasion/yamaha/t__max_530/2013-en-barcelona-6465840.htm
Barcelona;YAMAHA;T-Max 530;Scooters +125cc;530;BLANCO;27800;2012;8495;http://motos.net/ocasion/yamaha/t__max_530/2012-en-barcelona-6465851.htm
Madrid;DAELIM;Steezer 125;Scooter 125cc;125;TODOS;;2016;2699;http://motos.net/ocasion/daelim/steezer_125/2016-en-madrid-6195030.htm
Barcelona;BMW;F 800 GS Adventure;Trail;798;Blanco;38500;2015;11000;http://motos.net/ocasion/bmw/f_800_gs_adventure/2015-en-barcelona-6465825.htm
Valencia;BMW;F 800 GS;Trail;798;blanca;25000;2014;8200;http://motos.net/ocasion/bmw/f_800_gs/2014-en-valencia-6465819.htm
Madrid;KAWASAKI;Z 750;Naked;748;Negro;28400;2007;3100;http://motos.net/ocasion/kawasaki/z_750/2007-en-madrid-6465813.htm
Tarragona;BMW;R1200 GS;Trail;1170;;53000;2005;7500;http://motos.net/ocasion/bmw/r1200_gs/2005-en-tarragona-6465807.htm
Tarragona;HARLEY DAVIDSON;Softail Rocker C;Custom;1584;Cereza;11475;2008;14000;http://motos.net/ocasion/harley_davidson/softail_rocker_c/2008-en-tarragona-6465712.htm
Madrid;YAMAHA;XSR700;Naked;689;plata;2190;2016;6450;http://motos.net/ocasion/yamaha/xsr700/2016-en-madrid-6465773.htm
Madrid;DAELIM;Daystar 125 FI;Custom;124;NEGRO MATE Y VERDE MILITAR. GREY Y RED PLUS;;2016;2599;http://motos.net/ocasion/daelim/daystar_125_fi/2016-en-madrid-6194949.htm
Sevilla;DUCATI;MULTISTRADA 1200;Trail;1199;BLANCA;11987;2016;18500;http://motos.net/ocasion/ducati/multistrada_1200/s-2016-en-sevilla-6465845.htm
Madrid;HONDA;NC 750;Naked;745;BLANCA;10900;2015;4390;http://motos.net/ocasion/honda/nc_750/s-2015-en-madrid-6464633.htm
Madrid;BMW;R 1200 GS;Trail;1170;ROJO;57400;2004;7490;http://motos.net/ocasion/bmw/r_1200_gs/2004-en-madrid-6460441.htm
Ciudad Real;KTM;1290 Super Duke GT;Naked;1301;;630;2017;14999;http://motos.net/ocasion/ktm/1290_super_duke_gt/2017-en-ciudad_real-6465844.htm
Navarra;YAMAHA;X MAX MOMODESING 250;Scooters +125cc;250;NEGRA MATE;10000;2015;4400;http://motos.net/ocasion/yamaha/x_max_momodesing_250/2015-en-navarra-6465841.htm
Barcelona;PIAGGIO;beverly Sport Touring 350 ie ABS;Scooters +125cc;330;Blanco;17000;2015;4200;http://motos.net/ocasion/piaggio/beverly_sport_touring_350_ie_abs/2015-en-barcelona-6465839.htm
Huesca;KTM;390 Duke;Naked;375;;13330;2015;4000;http://motos.net/ocasion/ktm/390_duke/2015-en-huesca-6465834.htm
Barcelona;BMW;K 1200 GT;Turismo;1171;GRAFITO;63500;2006;7500;http://motos.net/ocasion/bmw/k_1200_gt/2006-en-barcelona-6373948.htm
Guipuzcoa;DAELIM;History 125;Scooter 125cc;125;;11500;2005;1200;http://motos.net/ocasion/daelim/history_125/2005-en-guipuzcoa-6213678.htm
Madrid;BMW;R 1200 GS 105cv;Trail;1170;gris;77500;2008;9500;http://motos.net/ocasion/bmw/r_1200_gs_105cv/2008-en-madrid-6460055.htm
Barcelona;SUZUKI;BURGMAN 650 Executive;Scooters +125cc;638;Negro;37800;2009;4750;http://motos.net/ocasion/suzuki/burgman_650_executive/2009-en-barcelona-6465823.htm
Madrid;KTM;1290 Super Duke GT;Naked;1301;Naranja;9887;2016;15499;http://motos.net/ocasion/ktm/1290_super_duke_gt/2016-en-madrid-6465822.htm
Valencia;YAMAHA;X MAX 400;Scooters +125cc;395;gris;11505;2014;5350;http://motos.net/ocasion/yamaha/x_max_400/abs-2014-en-valencia-6465821.htm
Valencia;TRIUMPH;Tiger 800 XR;Trail;800;blanco;16643;2015;10250;http://motos.net/ocasion/triumph/tiger_800_xr/x_low-2015-en-valencia-6425777.htm
A Coruna;SUZUKI;GSX R600;Sport;599;;30000;2008;4000;http://motos.net/ocasion/suzuki/gsx_r600/2008-en-a_coruna-6465811.htm
Leon;HONDA;GL 1800 Goldwing;Turismo;1800;negro;80000;2008;17700;http://motos.net/ocasion/honda/gl_1800_goldwing/2008-en-leon-6465809.htm
Valencia;HARLEY DAVIDSON;Touring Road Glide;Custom;1690;Negro;3500;2015;15500;http://motos.net/ocasion/harley_davidson/touring_road_glide/special-2015-en-valencia-6465806.htm
Barcelona;HONDA;CBR 1000 RR Fireblade;Sport;999;Blanco;27000;2015;13995;http://motos.net/ocasion/honda/cbr_1000_rr_fireblade/2015-en-barcelona-6465817.htm
Granada;SUZUKI;V-Strom 650 ABS;Trail;650;Gris antracita;75000;2007;3500;http://motos.net/ocasion/suzuki/v__strom_650_abs/2007-en-granada-6465769.htm
Almeria;KYMCO;Super Dink 125i;Scooter 125cc;125;;5550;2013;2150;http://motos.net/ocasion/kymco/super_dink_125i/2013-en-almeria-6451257.htm
Malaga;KYMCO;Xciting 500;Scooters +125cc;498;Gris Plata;49000;2006;1300;http://motos.net/ocasion/kymco/xciting_500/2006-en-malaga-6465775.htm
Madrid;MOTO GUZZI;Le Mans 850;Trail;850;NEGRO/ORO;56000;1981;5500;http://motos.net/ocasion/moto_guzzi/le_mans_850/1981-en-madrid-6465781.htm
Alicante;HONDA;XR 600 R;Enduro;591;blanca;23000;1998;2200;http://motos.net/ocasion/honda/xr_600_r/1998-en-alicante-6465760.htm
Madrid;HONDA;CB 500;Naked;499;Rojo;63000;2016;1000;http://motos.net/ocasion/honda/cb_500/2016-en-madrid-6465515.htm
Barcelona;MEGELLI;125 S;Supermotard;125;Negro y rojo;20000;2008;1000;http://motos.net/ocasion/megelli/125_s/2008-en-barcelona-6465745.htm
Teruel;HONDA;Dominator 650 NX;Trail;650;rojo;;2017;5;http://motos.net/ocasion/honda/dominator_650_nx/2017-en-teruel-6465741.htm
Sta. C. Tenerife;HONDA;CB 600 S;Naked;599;;90000;2001;1500;http://motos.net/ocasion/honda/cb_600_s/2001-en-sta_c_tenerife-6465707.htm
Girona;KTM;450 EXC-F;Enduro;449;Naranja;5800;2009;3500;http://motos.net/ocasion/ktm/450_exc__f/2009-en-girona-6465727.htm
Barcelona;HONDA;FORZA 250 X;Scooters +125cc;250;NEGRA;27000;2007;1950;http://motos.net/ocasion/honda/forza_250_x/2007-en-barcelona-6465815.htm
Leon;HONDA;CB 500F ABS;Naked;471;;2500;2015;4900;http://motos.net/ocasion/honda/cb_500f_abs/2015-en-leon-6465814.htm
Murcia;YAMAHA;XVS 1100 A Drag Star Classic;Custom;1063;;21763;2005;4200;http://motos.net/ocasion/yamaha/xvs_1100_a_drag_star_classic/2005-en-murcia-6286813.htm
Vizcaya;MONTESA;Cota 348;Trial;350;ROJO;1;1996;1499;http://motos.net/ocasion/montesa/cota_348/1996-en-vizcaya-6452023.htm
Murcia;YAMAHA;Majesty 400;Scooters +125cc;395;GRIS MATE;21500;2013;3800;http://motos.net/ocasion/yamaha/majesty_400/2013-en-murcia-6450590.htm
Vizcaya;LIFAN;LIFAN LF200 CUSTOM;Custom;200;PLATA;890;2012;990;http://motos.net/ocasion/lifan/lifan_lf200_custom/2012-en-vizcaya-6393144.htm
Alicante;KTM;1190 RC8 R;Sport;1195;Negra/naranja;19000;2012;9990;http://motos.net/ocasion/ktm/1190_rc8_r/2012-en-alicante-6323221.htm
Madrid;BENELLI;BN 251;Naked;249;Negro ,Rojo;;2016;2999;http://motos.net/ocasion/benelli/bn_251/2016-en-madrid-6182045.htm
Guipuzcoa;BMW;R 1150 R;Naked;1130;AZUL;105000;2003;4395;http://motos.net/ocasion/bmw/r_1150_r/2003-en-guipuzcoa-6465808.htm
Madrid;BENELLI;BN 302;Naked;300;negro;1;2016;3890;http://motos.net/ocasion/benelli/bn_302/2016-en-madrid-6247300.htm
Madrid;BENELLI;BN 302;Naked;300;;50;2016;3490;http://motos.net/ocasion/benelli/bn_302/2016-en-madrid-6164683.htm
Madrid;BENELLI;TNT 125;Naked;125;rojo;1;2017;2199;http://motos.net/ocasion/benelli/tnt_125/mini_tornado-2017-en-madrid-6453724.htm
Castellon;YAMAHA;XVS 250 Drag Star;Custom;249;ROJO;8500;2004;2500;http://motos.net/ocasion/yamaha/xvs_250_drag_star/2004-en-castellon-6459875.htm
Madrid;BENELLI;TRK 502;Trail;502;rojo;1;2017;5990;http://motos.net/ocasion/benelli/trk_502/2017-en-madrid-6461967.htm
Barcelona;SUZUKI;GSR 600;Naked;599;PLATA;76000;2008;2950;http://motos.net/ocasion/suzuki/gsr_600/2008-en-barcelona-6465805.htm
Madrid;BMW;C 650 GT;Scooters +125cc;647;negro;20000;2014;6900;http://motos.net/ocasion/bmw/c_650_gt/2014-en-madrid-6310015.htm
Madrid;HONDA;CBR 600F;Sport;599;gris;44700;2007;2490;http://motos.net/ocasion/honda/cbr_600f/2007-en-madrid-6398419.htm
Barcelona;DUCATI;MONSTER S2R 800;Naked;800;negro;27000;2005;5800;http://motos.net/ocasion/ducati/monster_s2r_800/2005-en-barcelona-6454780.htm
Madrid;SYM;Joymax 125i ABS;Scooter 125cc;125;blanco;;2016;3699;http://motos.net/ocasion/sym/joymax_125i_abs/startstop_sport-2016-en-madrid-6141360.htm
Madrid;SYM;Maxsym 600i;Scooters +125cc;565;;1;2016;6799;http://motos.net/ocasion/sym/maxsym_600i/abs-2016-en-madrid-6193955.htm
Madrid;BENELLI;BN 302;Naked;300;negra;8000;2016;3190;http://motos.net/ocasion/benelli/bn_302/2016-en-madrid-6465802.htm
Alicante;KTM;SX 250 F;Cross;250;NARANJA;41;2016;4200;http://motos.net/ocasion/ktm/sx_250_f/2016-en-alicante-6465798.htm
Barcelona;YAMAHA;MT 01;Naked;1670;NEGRA;55100;2005;4800;http://motos.net/ocasion/yamaha/mt_01/2005-en-barcelona-6465787.htm
Madrid;KYMCO;Super Dink 300I ABS;Scooters +125cc;299;naranja;18000;2015;3200;http://motos.net/ocasion/kymco/super_dink_300i_abs/2015-en-madrid-6465777.htm
Barcelona;YAMAHA;FZ6 S S2 ABS;Turismo;600;Negro;52000;2007;3900;http://motos.net/ocasion/yamaha/fz6_s_s2_abs/2007-en-barcelona-6438541.htm
Madrid;DERBI;GPR 125 4T 4V;Sport;124;GRIS;2500;2011;2450;http://motos.net/ocasion/derbi/gpr_125_4t_4v/2011-en-madrid-6465765.htm
Madrid;HONDA;CB 600F HORNET;Naked;599;DORADA;40000;2009;3700;http://motos.net/ocasion/honda/cb_600f_hornet/2009-en-madrid-6465763.htm
Barcelona;HONDA;DYLAN 125;Scooter 125cc;125;PLATA;34600;2006;750;http://motos.net/ocasion/honda/dylan_125/2006-en-barcelona-6465757.htm
Barcelona;KTM;EXC 250;Enduro;249;NEGRO Y NARANJA;;2008;3500;http://motos.net/ocasion/ktm/exc_250/2008-en-barcelona-6465755.htm
Barcelona;SUZUKI;BURGMAN 650 Executive;Scooters +125cc;638;Azul;46500;2007;4500;http://motos.net/ocasion/suzuki/burgman_650_executive/2007-en-barcelona-6465753.htm
Barcelona;YAMAHA;TT R 125 LW;Cross;123;AZUL;;2005;1200;http://motos.net/ocasion/yamaha/tt_r_125_lw/2005-en-barcelona-6465754.htm
Barcelona;HONDA;SLR 650;Trail;644;NEGRO Y LILA;74000;1997;1500;http://motos.net/ocasion/honda/slr_650/1997-en-barcelona-6465751.htm
Barcelona;YAMAHA;FZ6 S;Turismo;600;NEGRO;75700;2006;2500;http://motos.net/ocasion/yamaha/fz6_s/2006-en-barcelona-6465752.htm
Barcelona;SYM;Symphony 125 SR;Scooter 125cc;125;PLATEADO;11000;2013;1150;http://motos.net/ocasion/sym/symphony_125_sr/sport-2013-en-barcelona-6452737.htm
Barcelona;KAWASAKI;Z 750 ABS;Naked;748;;52100;2007;4200;http://motos.net/ocasion/kawasaki/z_750_abs/2007-en-barcelona-6465750.htm
Barcelona;HONDA;CB 750 Seven Fifty;Sport;750;Negro;40000;1992;3800;http://motos.net/ocasion/honda/cb_750_seven_fifty/1992-en-barcelona-6421874.htm
Murcia;KYMCO;K-XCT 300i;Scooters +125cc;300;Blanca;800;2017;4000;http://motos.net/ocasion/kymco/k__xct_300i/2017-en-murcia-6465747.htm
Barcelona;SUZUKI;DR Z 400 E;Enduro;398;amarillo;10000;2002;1850;http://motos.net/ocasion/suzuki/dr_z_400_e/2002-en-barcelona-6465732.htm
Alicante;BMW;R 1200 GS Adventure 105cv;Trail;1170;negra;48000;2008;10500;http://motos.net/ocasion/bmw/r_1200_gs_adventure_105cv/2008-en-alicante-6465722.htm
Madrid;BMW;R nineT;Naked;1170;GRIS;2800;2016;13500;http://motos.net/ocasion/bmw/r_ninet/2016-en-madrid-6465719.htm
Zaragoza;HONDA;CBR 600F;Sport;599;;12200;2012;5400;http://motos.net/ocasion/honda/cbr_600f/2012-en-zaragoza-6465715.htm
Madrid;KYMCO;Xciting 500 R ABS;Scooters +125cc;498;GRIS - MATE;86000;2011;1800;http://motos.net/ocasion/kymco/xciting_500_r_abs/2011-en-madrid-6465705.htm
Madrid;BMW;F 800 GT;Turismo;798;Gris;20000;2014;7700;http://motos.net/ocasion/bmw/f_800_gt/2014-en-madrid-6465695.htm
Barcelona;BMW;R 850 R;Naked;848;azul;74000;1998;4000;http://motos.net/ocasion/bmw/r_850_r/1998-en-barcelona-6441632.htm
Madrid;KYMCO;Super Dink 125i;Scooter 125cc;125;AZUL;20000;2010;1800;http://motos.net/ocasion/kymco/super_dink_125i/2010-en-madrid-6422210.htm
Madrid;DAELIM;Besbi 125;Scooter 125cc;124;NEGRA;12000;2008;900;http://motos.net/ocasion/daelim/besbi_125/2008-en-madrid-6422213.htm
Madrid;PIAGGIO;X EVO 125;Scooter 125cc;124;NEGRA;14000;2015;2100;http://motos.net/ocasion/piaggio/x_evo_125/2015-en-madrid-6422220.htm
Madrid;APRILIA;Arrecife 125;Scooter 125cc;124;AZUL;14000;2007;1400;http://motos.net/ocasion/aprilia/arrecife_125/2007-en-madrid-6422251.htm
Madrid;YAMAHA;X-MAX 250;Scooters +125cc;249;GRIS;36000;2007;1900;http://motos.net/ocasion/yamaha/x__max_250/2007-en-madrid-6431178.htm
Madrid;KYMCO;Super Dink 125 ABS;Scooters +125cc;124;BLANCO;44000;2011;2200;http://motos.net/ocasion/kymco/super_dink_125_abs/2011-en-madrid-6455704.htm
Barcelona;BMW;R 1200 ST;Turismo;1170;GRIS;57000;2006;5800;http://motos.net/ocasion/bmw/r_1200_st/2006-en-barcelona-6425869.htm
Barcelona;BMW;R 1200 ST;Turismo;1170;azul negra;86000;2005;5500;http://motos.net/ocasion/bmw/r_1200_st/2005-en-barcelona-6292186.htm
Barcelona;BMW;R 1200 R;Naked;1170;negro;107000;2006;5800;http://motos.net/ocasion/bmw/r_1200_r/2006-en-barcelona-6193543.htm
Barcelona;BMW;R 1200 GS 105cv;Trail;1170;plata;88000;2008;8900;http://motos.net/ocasion/bmw/r_1200_gs_105cv/2008-en-barcelona-6438075.htm
Barcelona;BMW;R 1200 GS Adventure 105cv;Trail;1170;;77000;2007;9300;http://motos.net/ocasion/bmw/r_1200_gs_adventure_105cv/2007-en-barcelona-6256410.htm
Barcelona;YAMAHA;YZF 600 Thundercat;Sport;599;naranja/negro;43800;1998;2000;http://motos.net/ocasion/yamaha/yzf_600_thundercat/1998-en-barcelona-6465638.htm
Madrid;HONDA;CBR 600 RR;Sport;599;BLANCO-GRIS-ROJO;23218;2007;5799;http://motos.net/ocasion/honda/cbr_600_rr/2007-en-madrid-6465733.htm
Madrid;KAWASAKI;NINJA ZX-6R 636 KTR Edition;Sport;636;;20000;2009;5000;http://motos.net/ocasion/kawasaki/ninja_zx__6r_636_ktr_edition/2009-en-madrid-6465706.htm
Barcelona;BMW;R 1200 GS 105cv;Trail;1170;gris;90000;2008;8900;http://motos.net/ocasion/bmw/r_1200_gs_105cv/2008-en-barcelona-6438890.htm
Barcelona;BMW;R 1150 R Rockster;Turismo;1130;NEGRO /NAR;85000;2003;3900;http://motos.net/ocasion/bmw/r_1150_r_rockster/2003-en-barcelona-6412580.htm
Barcelona;BMW;K 75 S ABS;Turismo;750;ANTRACITA;144000;1992;2200;http://motos.net/ocasion/bmw/k_75_s_abs/1992-en-barcelona-6427759.htm
Barcelona;PIAGGIO;LIBERTY 125 4T;Scooter 125cc;124;BLANCO;65800;2010;750;http://motos.net/ocasion/piaggio/liberty_125_4t/2010-en-barcelona-6465728.htm
Barcelona;BMW;K 1;Sport;987;NEGRO;37000;1994;5300;http://motos.net/ocasion/bmw/k_1/1994-en-barcelona-6339313.htm
Valencia;YAMAHA;FZ6 S S2;Turismo;600;NEGRO;35900;2007;3500;http://motos.net/ocasion/yamaha/fz6_s_s2/2007-en-valencia-6394144.htm
Barcelona;BMW;F 800 ST;Turismo;798;champagne;44000;2009;5150;http://motos.net/ocasion/bmw/f_800_st/2009-en-barcelona-6443917.htm
Madrid;HANWAY;Raw 125;Naked;123;Verde botella;3500;2016;1500;http://motos.net/ocasion/hanway/raw_125/cafe-2016-en-madrid-6465694.htm
Navarra;HONDA;PCX 125;Scooter 125cc;125;Gris;29916;2011;1500;http://motos.net/ocasion/honda/pcx_125/2011-en-navarra-6465687.htm
Barcelona;KAWASAKI;ZX 6R;Sport;599;Verde;50000;2007;4000;http://motos.net/ocasion/kawasaki/zx_6r/2007-en-barcelona-6465681.htm
Barcelona;HARLEY DAVIDSON;Sportster XL 1200C;Custom;1202;Negro;45000;2006;6500;http://motos.net/ocasion/harley_davidson/sportster_xl_1200c/2006-en-barcelona-6450557.htm
Barcelona;BMW;F 800 R;Naked;800;gris roca;31000;2012;5700;http://motos.net/ocasion/bmw/f_800_r/2012-en-barcelona-6451387.htm
Navarra;DERBI;GPR 125R;Sport;124;blanco;18000;2007;1500;http://motos.net/ocasion/derbi/gpr_125r/2007-en-navarra-6465673.htm
Barcelona;BMW;F 800 GS Adventure;Trail;798;Roja;40000;2014;9500;http://motos.net/ocasion/bmw/f_800_gs_adventure/2014-en-barcelona-6465655.htm
Barcelona;HARLEY DAVIDSON;Sportster 883 Custom;Custom;883;Negro;47000;2003;5500;http://motos.net/ocasion/harley_davidson/sportster_883_custom/2003-en-barcelona-6450567.htm
Barcelona;BMW;F 700 GS;Trail;798;rojo manzana;31000;2014;7300;http://motos.net/ocasion/bmw/f_700_gs/2014-en-barcelona-6454601.htm
Badajoz;TRIUMPH;SPEED Triple R;Naked;1050;Crystal White;;2017;15100;http://motos.net/ocasion/triumph/speed_triple_r/2017-en-badajoz-6465724.htm
Granada;MASH;Von Dutch;Naked;397;;620;2017;5900;http://motos.net/ocasion/mash/von_dutch/2017-en-granada-6419734.htm
Madrid;KAWASAKI;VERSYS 650;Trail;649;;14000;2007;3690;http://motos.net/ocasion/kawasaki/versys_650/2007-en-madrid-6465723.htm
Madrid;KAWASAKI;VN 900 CLASSIC;Custom;903;Burdeos;60000;2007;5350;http://motos.net/ocasion/kawasaki/vn_900_classic/2007-en-madrid-6465721.htm
Madrid;YAMAHA;T-Max 500 ABS;Scooters +125cc;499;REGALO GPS TOMTOM MODELO VIO;61500;2009;5799;http://motos.net/ocasion/yamaha/t__max_500_abs/2009-en-madrid-6439362.htm
Madrid;KYMCO;Venox 250i;Custom;249;negro;25000;2007;1799;http://motos.net/ocasion/kymco/venox_250i/2007-en-madrid-6438857.htm
Madrid;HONDA;Crossrunner VFR800X;Turismo;782;Burdeos;14000;2015;10999;http://motos.net/ocasion/honda/crossrunner_vfr800x/2015-en-madrid-6445508.htm
Barcelona;YAMAHA;MT-07;Naked;689;varios consultar;1;2016;6799;http://motos.net/ocasion/yamaha/mt__07/abs-2016-en-barcelona-6208597.htm
Madrid;HARLEY DAVIDSON;Sportster 1200 Low;Custom;1200;REGALO GPS TOMTOM MODELO VIO;54000;2007;6499;http://motos.net/ocasion/harley_davidson/sportster_1200_low/2007-en-madrid-6359817.htm
Barcelona;YAMAHA;MT 09;Trail;847;varios;1;2016;11099;http://motos.net/ocasion/yamaha/mt_09/tracer-2016-en-barcelona-6299612.htm
Madrid;BMW;R nineT;Naked;1170;negro;4500;2015;13499;http://motos.net/ocasion/bmw/r_ninet/2015-en-madrid-6373075.htm
Barcelona;SYM;Symphony 125 SR;Scooter 125cc;125;varios;1;2017;2299;http://motos.net/ocasion/sym/symphony_125_sr/2017-en-barcelona-6379312.htm
Madrid;BMW;R 1200 GS Adventure;Trail;1170;BLANCO;18826;2014;15999;http://motos.net/ocasion/bmw/r_1200_gs_adventure/2014-en-madrid-6425802.htm
Barcelona;PIAGGIO;Medley;Scooter 125cc;124;azul, negro, rojo, azul, gris;1;2017;2999;http://motos.net/ocasion/piaggio/medley/125-2017-en-barcelona-6350392.htm
Madrid;BMW;K 1200 LT;Turismo;1171;REGALO GPS TOMTOM MODELO VIO;32000;2005;10299;http://motos.net/ocasion/bmw/k_1200_lt/2005-en-madrid-6415336.htm
Barcelona;MOTO GUZZI;V7 II;Naked;744;varios consultar;1;2017;7999;http://motos.net/ocasion/moto_guzzi/v7_ii/special-2017-en-barcelona-6458175.htm
Valencia;YAMAHA;X-CITY 125;Scooter 125cc;125;gris;3760;2016;2900;http://motos.net/ocasion/yamaha/x__city_125/2016-en-valencia-6433758.htm
Guipuzcoa;SUZUKI;GSX 750 F;Sport;750;;70700;1993;950;http://motos.net/ocasion/suzuki/gsx_750_f/1993-en-guipuzcoa-6078847.htm
